callId,towerId,callerPlan,durationSec,dropped,timestamp
C0001,T02,Prepaid,301,N,2026-09-07 08:24:00
C0002,T02,Postpaid,578,N,2026-09-20 04:51:00
C0003,T01,Prepaid,243,N,2026-09-28 09:33:00
C0004,T01,Postpaid,753,N,2026-09-25 19:13:00
C0005,T07,Prepaid,623,N,2026-09-01 07:05:00
C0006,T03,Postpaid,368,N,2026-09-10 19:10:00
C0007,T06,Prepaid,409,N,2026-09-16 15:41:00
C0008,T10,Prepaid,64,N,2026-09-25 09:42:00
C0009,T02,Premium,407,N,2026-09-14 08:13:00
C0010,T10,Premium,390,N,2026-09-04 03:58:00
C0011,T01,Postpaid,811,N,2026-09-04 15:09:00
C0012,T04,Premium,409,N,2026-09-29 22:20:00
C0013,T06,Prepaid,383,N,2026-09-13 03:36:00
C0014,T02,Postpaid,195,N,2026-09-12 03:23:00
C0015,T03,Prepaid,296,N,2026-09-30 03:03:00
C0016,T09,Prepaid,352,N,2026-09-03 13:05:00
C0017,T04,Postpaid,844,N,2026-09-13 04:26:00
C0018,T02,Prepaid,600,N,2026-09-15 07:42:00
C0019,T04,Postpaid,425,N,2026-09-30 06:09:00
C0020,T08,Prepaid,162,N,2026-09-26 13:09:00
C0021,T09,Prepaid,618,N,2026-09-27 13:22:00
C0022,T07,Prepaid,161,N,2026-09-05 03:17:00
C0023,T01,Premium,176,N,2026-09-20 05:06:00
C0024,T10,Prepaid,410,N,2026-09-22 07:14:00
C0025,T09,Prepaid,586,N,2026-09-01 12:32:00
C0026,T02,Postpaid,569,N,2026-09-30 04:06:00
C0027,T06,Prepaid,465,N,2026-09-01 03:32:00
C0028,T05,Premium,800,N,2026-09-05 20:13:00
C0029,T05,Postpaid,539,N,2026-09-07 22:56:00
C0030,T06,Postpaid,572,N,2026-09-25 03:17:00
C0031,T01,Postpaid,520,Y,2026-09-17 12:28:00
C0032,T05,Prepaid,266,N,2026-09-04 14:01:00
C0033,T02,Postpaid,855,Y,2026-09-25 05:51:00
C0034,T03,Prepaid,506,N,2026-09-08 12:21:00
C0035,T05,Prepaid,641,N,2026-09-10 15:20:00
C0036,T09,Postpaid,726,N,2026-09-15 04:28:00
C0037,T07,Premium,685,N,2026-09-24 13:19:00
C0038,T08,Prepaid,250,Y,2026-09-01 22:58:00
C0039,T10,Postpaid,622,N,2026-09-04 05:32:00
C0040,T01,Prepaid,52,N,2026-09-04 05:23:00
C0041,T09,Prepaid,705,N,2026-09-25 12:59:00
C0042,T03,Postpaid,604,N,2026-09-12 01:25:00
C0043,T08,Postpaid,214,N,2026-09-30 23:47:00
C0044,T07,Prepaid,440,N,2026-09-03 11:10:00
C0045,T02,Prepaid,765,N,2026-09-05 23:21:00
C0046,T04,Prepaid,569,N,2026-09-20 04:48:00
C0047,T03,Prepaid,275,N,2026-09-04 10:20:00
C0048,T08,Postpaid,896,N,2026-09-03 07:15:00
C0049,T09,Postpaid,115,N,2026-09-11 18:11:00
C0050,T03,Prepaid,512,N,2026-09-19 06:02:00
C0051,T01,Prepaid,22,N,2026-09-13 01:40:00
C0052,T08,Prepaid,733,N,2026-09-26 07:02:00
C0053,T08,Prepaid,323,N,2026-09-03 15:52:00
C0054,T10,Postpaid,82,N,2026-09-03 14:26:00
C0055,T01,Postpaid,534,N,2026-09-25 04:07:00
C0056,T03,Prepaid,540,N,2026-09-09 10:58:00
C0057,T02,Postpaid,711,N,2026-09-19 09:01:00
C0058,T02,Premium,603,N,2026-09-28 01:22:00
C0059,T01,Postpaid,449,N,2026-09-26 17:22:00
C0060,T09,Prepaid,287,N,2026-09-15 07:10:00
C0061,T04,Prepaid,154,N,2026-09-14 15:40:00
C0062,T08,Prepaid,789,N,2026-09-01 10:10:00
C0063,T08,Postpaid,596,N,2026-09-04 08:01:00
C0064,T09,Prepaid,291,N,2026-09-16 21:12:00
C0065,T02,Premium,398,N,2026-09-20 22:36:00
C0066,T09,Postpaid,646,N,2026-09-30 18:18:00
C0067,T09,Prepaid,856,N,2026-09-05 17:08:00
C0068,T03,Prepaid,129,N,2026-09-08 01:47:00
C0069,T05,Prepaid,235,N,2026-09-10 06:22:00
C0070,T05,Prepaid,277,N,2026-09-03 07:29:00
C0071,T02,Postpaid,869,N,2026-09-01 03:52:00
C0072,T06,Postpaid,672,N,2026-09-08 08:29:00
C0073,T08,Postpaid,457,N,2026-09-06 02:11:00
C0074,T02,Premium,727,N,2026-09-25 19:55:00
C0075,T01,Postpaid,616,N,2026-09-20 13:26:00
C0076,T03,Prepaid,393,N,2026-09-02 19:34:00
C0077,T06,Prepaid,275,N,2026-09-17 02:18:00
C0078,T09,Premium,436,N,2026-09-08 00:48:00
C0079,T04,Premium,839,N,2026-09-19 18:20:00
C0080,T01,Prepaid,360,N,2026-09-19 17:42:00
C0081,T04,Prepaid,826,N,2026-09-18 09:50:00
C0082,T01,Premium,247,N,2026-09-21 22:46:00
C0083,T06,Prepaid,834,N,2026-09-11 03:29:00
C0084,T01,Postpaid,428,N,2026-09-04 03:49:00
C0085,T05,Prepaid,541,N,2026-09-25 09:41:00
C0086,T06,Premium,138,N,2026-09-12 21:18:00
C0087,T03,Postpaid,291,Y,2026-09-28 03:36:00
C0088,T07,Prepaid,825,N,2026-09-28 14:08:00
C0089,T09,Prepaid,610,N,2026-09-03 00:28:00
C0090,T07,Prepaid,845,N,2026-09-09 23:12:00
C0091,T06,Prepaid,700,N,2026-09-29 08:39:00
C0092,T06,Postpaid,147,N,2026-09-14 16:01:00
C0093,T09,Prepaid,438,N,2026-09-14 10:56:00
C0094,T09,Prepaid,450,N,2026-09-18 06:07:00
C0095,T03,Postpaid,328,N,2026-09-01 00:26:00
C0096,T05,Prepaid,460,N,2026-09-28 14:38:00
C0097,T06,Prepaid,472,N,2026-09-24 06:20:00
C0098,T08,Postpaid,835,N,2026-09-30 23:38:00
C0099,T02,Prepaid,699,N,2026-09-16 06:06:00
C0100,T02,Postpaid,789,N,2026-09-15 03:03:00
C0101,T04,Postpaid,170,Y,2026-09-12 03:26:00
C0102,T08,Postpaid,806,Y,2026-09-19 20:40:00
C0103,T10,Prepaid,733,N,2026-09-19 04:31:00
C0104,T04,Prepaid,724,Y,2026-09-05 20:25:00
C0105,T07,Prepaid,843,N,2026-09-24 13:44:00
C0106,T08,Prepaid,275,N,2026-09-06 12:33:00
C0107,T08,Prepaid,495,N,2026-09-26 10:29:00
C0108,T10,Prepaid,793,N,2026-09-28 21:10:00
C0109,T09,Prepaid,581,N,2026-09-08 05:50:00
C0110,T08,Prepaid,789,N,2026-09-30 00:29:00
C0111,T05,Postpaid,553,N,2026-09-11 21:19:00
C0112,T05,Prepaid,750,N,2026-09-13 08:47:00
C0113,T06,Prepaid,573,N,2026-09-07 20:44:00
C0114,T04,Prepaid,176,N,2026-09-03 22:09:00
C0115,T07,Prepaid,575,N,2026-09-03 20:00:00
C0116,T04,Postpaid,418,N,2026-09-27 13:58:00
C0117,T01,Premium,803,N,2026-09-22 16:59:00
C0118,T01,Premium,325,N,2026-09-20 01:40:00
C0119,T09,Postpaid,579,N,2026-09-11 00:53:00
C0120,T08,Prepaid,466,N,2026-09-18 16:44:00
C0121,T06,Postpaid,837,N,2026-09-08 12:16:00
C0122,T08,Premium,657,N,2026-09-18 22:22:00
C0123,T10,Postpaid,47,N,2026-09-20 12:09:00
C0124,T03,Premium,206,Y,2026-09-18 06:04:00
C0125,T06,Prepaid,354,N,2026-09-18 06:06:00
C0126,T05,Postpaid,871,N,2026-09-04 17:27:00
C0127,T08,Prepaid,572,Y,2026-09-16 22:15:00
C0128,T04,Postpaid,819,N,2026-09-02 19:58:00
C0129,T01,Premium,224,N,2026-09-29 06:39:00
C0130,T03,Prepaid,504,N,2026-09-26 16:00:00
C0131,T04,Prepaid,282,N,2026-09-08 15:16:00
C0132,T10,Postpaid,785,N,2026-09-08 10:52:00
C0133,T05,Prepaid,46,N,2026-09-27 04:55:00
C0134,T07,Prepaid,752,N,2026-09-27 22:43:00
C0135,T04,Prepaid,811,N,2026-09-28 07:48:00
C0136,T02,Postpaid,599,N,2026-09-16 19:14:00
C0137,T09,Prepaid,399,Y,2026-09-30 11:17:00
C0138,T06,Prepaid,450,N,2026-09-05 19:16:00
C0139,T07,Premium,670,N,2026-09-21 22:09:00
C0140,T03,Prepaid,771,N,2026-09-30 14:28:00
C0141,T05,Postpaid,571,N,2026-09-22 03:45:00
C0142,T07,Postpaid,626,N,2026-09-12 04:08:00
C0143,T02,Prepaid,481,N,2026-09-22 03:35:00
C0144,T10,Postpaid,408,N,2026-09-23 11:54:00
C0145,T06,Prepaid,237,N,2026-09-12 18:11:00
C0146,T06,Prepaid,630,N,2026-09-13 13:45:00
C0147,T09,Prepaid,215,N,2026-09-19 11:55:00
C0148,T08,Postpaid,266,N,2026-09-30 09:29:00
C0149,T08,Prepaid,37,N,2026-09-11 02:02:00
C0150,T07,Postpaid,333,N,2026-09-17 19:04:00
C0151,T08,Postpaid,372,N,2026-09-26 01:10:00
C0152,T06,Prepaid,484,N,2026-09-12 10:35:00
C0153,T04,Prepaid,217,N,2026-09-25 09:18:00
C0154,T03,Prepaid,776,N,2026-09-27 19:59:00
C0155,T09,Postpaid,122,N,2026-09-14 11:34:00
C0156,T04,Prepaid,329,Y,2026-09-25 07:25:00
C0157,T03,Prepaid,75,N,2026-09-06 17:55:00
C0158,T08,Prepaid,32,N,2026-09-22 08:42:00
C0159,T08,Prepaid,208,N,2026-09-12 11:46:00
C0160,T08,Prepaid,86,N,2026-09-04 08:55:00
C0161,T10,Postpaid,74,N,2026-09-26 14:46:00
C0162,T05,Prepaid,274,N,2026-09-19 22:34:00
C0163,T10,Postpaid,653,N,2026-09-24 18:47:00
C0164,T07,Prepaid,473,N,2026-09-27 18:49:00
C0165,T07,Prepaid,655,Y,2026-09-05 12:23:00
C0166,T04,Postpaid,290,N,2026-09-08 03:32:00
C0167,T04,Prepaid,96,N,2026-09-19 14:12:00
C0168,T08,Postpaid,501,N,2026-09-11 12:50:00
C0169,T05,Postpaid,739,N,2026-09-04 05:44:00
C0170,T04,Premium,826,N,2026-09-27 20:12:00
C0171,T04,Prepaid,577,N,2026-09-07 18:44:00
C0172,T05,Postpaid,93,Y,2026-09-14 23:59:00
C0173,T10,Postpaid,602,N,2026-09-20 23:40:00
C0174,T02,Prepaid,331,N,2026-09-13 09:21:00
C0175,T09,Prepaid,468,N,2026-09-02 19:32:00
C0176,T07,Postpaid,638,N,2026-09-05 03:45:00
C0177,T04,Premium,876,N,2026-09-27 17:17:00
C0178,T01,Premium,708,N,2026-09-27 05:24:00
C0179,T01,Postpaid,199,N,2026-09-30 15:37:00
C0180,T08,Premium,205,N,2026-09-20 20:06:00
C0181,T08,Premium,501,N,2026-09-16 04:03:00
C0182,T06,Postpaid,898,N,2026-09-19 17:37:00
C0183,T08,Prepaid,430,N,2026-09-26 00:51:00
C0184,T01,Prepaid,342,N,2026-09-06 06:37:00
C0185,T07,Premium,864,N,2026-09-30 22:20:00
C0186,T09,Prepaid,75,N,2026-09-17 11:09:00
C0187,T10,Postpaid,660,N,2026-09-03 08:22:00
C0188,T04,Prepaid,154,N,2026-09-20 22:32:00
C0189,T08,Prepaid,665,N,2026-09-11 21:22:00
C0190,T03,Prepaid,34,N,2026-09-05 05:48:00
C0191,T04,Premium,136,N,2026-09-06 08:18:00
C0192,T03,Prepaid,753,N,2026-09-13 10:39:00
C0193,T07,Postpaid,503,N,2026-09-26 02:07:00
C0194,T03,Prepaid,633,N,2026-09-07 05:06:00
C0195,T02,Prepaid,828,N,2026-09-16 11:14:00
C0196,T09,Prepaid,22,N,2026-09-14 14:06:00
C0197,T10,Postpaid,695,N,2026-09-07 18:18:00
C0198,T08,Prepaid,373,N,2026-09-25 17:34:00
C0199,T07,Prepaid,349,N,2026-09-11 20:50:00
C0200,T10,Prepaid,896,N,2026-09-02 23:40:00
C0201,T06,Postpaid,742,N,2026-09-18 08:24:00
C0202,T07,Premium,831,N,2026-09-07 22:08:00
C0203,T08,Premium,149,N,2026-09-27 20:38:00
C0204,T06,Premium,885,N,2026-09-24 22:28:00
C0205,T08,Prepaid,167,N,2026-09-30 19:11:00
C0206,T03,Prepaid,820,N,2026-09-16 09:47:00
C0207,T10,Postpaid,685,Y,2026-09-15 22:52:00
C0208,T09,Prepaid,344,N,2026-09-23 04:58:00
C0209,T09,Prepaid,90,N,2026-09-14 01:53:00
C0210,T04,Postpaid,464,N,2026-09-29 20:13:00
C0211,T02,Prepaid,730,N,2026-09-02 07:37:00
C0212,T01,Prepaid,77,N,2026-09-18 01:25:00
C0213,T07,Prepaid,563,N,2026-09-09 04:40:00
C0214,T03,Prepaid,644,N,2026-09-29 04:53:00
C0215,T04,Prepaid,617,N,2026-09-21 23:41:00
C0216,T05,Prepaid,702,Y,2026-09-22 04:10:00
C0217,T05,Postpaid,181,N,2026-09-16 17:26:00
C0218,T10,Prepaid,454,N,2026-09-21 18:59:00
C0219,T05,Prepaid,413,N,2026-09-05 20:29:00
C0220,T04,Prepaid,387,N,2026-09-14 10:28:00
C0221,T01,Premium,694,N,2026-09-01 08:50:00
C0222,T10,Premium,816,N,2026-09-03 05:34:00
C0223,T10,Postpaid,872,N,2026-09-14 00:36:00
C0224,T04,Postpaid,380,N,2026-09-09 15:40:00
C0225,T10,Prepaid,793,N,2026-09-07 05:23:00
C0226,T02,Premium,681,Y,2026-09-21 01:29:00
C0227,T01,Postpaid,769,N,2026-09-14 10:20:00
C0228,T06,Postpaid,199,N,2026-09-25 13:10:00
C0229,T06,Prepaid,299,N,2026-09-12 16:40:00
C0230,T08,Premium,322,N,2026-09-16 09:58:00
C0231,T02,Prepaid,97,N,2026-09-11 06:25:00
C0232,T07,Premium,843,N,2026-09-05 02:38:00
C0233,T07,Prepaid,569,N,2026-09-17 18:35:00
C0234,T05,Postpaid,862,N,2026-09-17 21:44:00
C0235,T02,Postpaid,502,Y,2026-09-26 13:12:00
C0236,T06,Premium,246,N,2026-09-29 22:01:00
C0237,T08,Premium,329,N,2026-09-06 07:26:00
C0238,T03,Prepaid,58,N,2026-09-23 10:04:00
C0239,T02,Prepaid,570,N,2026-09-21 15:29:00
C0240,T06,Postpaid,780,N,2026-09-25 14:02:00
C0241,T07,Postpaid,764,N,2026-09-19 21:09:00
C0242,T02,Postpaid,650,N,2026-09-13 17:33:00
C0243,T01,Postpaid,242,N,2026-09-11 17:53:00
C0244,T06,Prepaid,722,N,2026-09-30 08:19:00
C0245,T06,Prepaid,302,N,2026-09-06 13:25:00
C0246,T08,Prepaid,237,N,2026-09-28 04:14:00
C0247,T01,Prepaid,361,N,2026-09-06 17:32:00
C0248,T10,Prepaid,869,N,2026-09-10 10:16:00
C0249,T10,Prepaid,258,N,2026-09-07 17:10:00
C0250,T10,Prepaid,899,N,2026-09-06 21:59:00
C0251,T09,Prepaid,198,N,2026-09-02 04:09:00
C0252,T03,Prepaid,828,N,2026-09-27 19:11:00
C0253,T06,Prepaid,291,Y,2026-09-20 03:48:00
C0254,T09,Prepaid,85,N,2026-09-17 11:26:00
C0255,T09,Postpaid,482,N,2026-09-28 23:51:00
C0256,T01,Postpaid,694,N,2026-09-21 20:18:00
C0257,T01,Prepaid,510,N,2026-09-20 09:36:00
C0258,T02,Prepaid,474,N,2026-09-04 16:14:00
C0259,T06,Postpaid,87,N,2026-09-29 09:55:00
C0260,T10,Prepaid,352,N,2026-09-28 04:30:00
C0261,T09,Prepaid,537,N,2026-09-05 12:19:00
C0262,T02,Premium,686,N,2026-09-26 02:12:00
C0263,T04,Prepaid,253,N,2026-09-21 15:20:00
C0264,T07,Prepaid,117,N,2026-09-15 05:21:00
C0265,T05,Prepaid,176,N,2026-09-22 14:01:00
C0266,T02,Prepaid,107,N,2026-09-05 09:28:00
C0267,T06,Postpaid,589,Y,2026-09-26 13:24:00
C0268,T09,Prepaid,145,N,2026-09-20 05:57:00
C0269,T01,Premium,634,N,2026-09-05 17:09:00
C0270,T10,Prepaid,178,N,2026-09-11 04:56:00
C0271,T02,Prepaid,589,N,2026-09-13 16:16:00
C0272,T10,Prepaid,459,N,2026-09-29 07:05:00
C0273,T10,Postpaid,590,Y,2026-09-30 22:31:00
C0274,T05,Prepaid,299,N,2026-09-15 01:29:00
C0275,T06,Prepaid,205,N,2026-09-26 18:34:00
C0276,T07,Prepaid,778,N,2026-09-02 09:29:00
C0277,T02,Postpaid,240,N,2026-09-21 15:30:00
C0278,T06,Prepaid,339,N,2026-09-26 19:57:00
C0279,T10,Prepaid,73,N,2026-09-29 02:50:00
C0280,T01,Postpaid,298,N,2026-09-20 07:08:00
C0281,T08,Postpaid,444,N,2026-09-24 07:37:00
C0282,T02,Prepaid,133,N,2026-09-27 23:51:00
C0283,T08,Prepaid,335,Y,2026-09-18 23:43:00
C0284,T10,Prepaid,229,N,2026-09-10 14:43:00
C0285,T03,Postpaid,316,N,2026-09-01 08:26:00
C0286,T08,Postpaid,199,N,2026-09-25 05:43:00
C0287,T04,Prepaid,873,N,2026-09-17 02:50:00
C0288,T02,Prepaid,779,Y,2026-09-01 20:28:00
C0289,T08,Premium,340,N,2026-09-27 02:18:00
C0290,T07,Postpaid,447,N,2026-09-19 10:24:00
C0291,T01,Premium,195,N,2026-09-29 03:09:00
C0292,T08,Postpaid,390,N,2026-09-05 19:37:00
C0293,T04,Prepaid,430,N,2026-09-19 00:16:00
C0294,T05,Postpaid,246,N,2026-09-08 15:38:00
C0295,T02,Prepaid,136,N,2026-09-09 19:47:00
C0296,T06,Prepaid,858,N,2026-09-07 17:19:00
C0297,T04,Prepaid,282,N,2026-09-28 09:58:00
C0298,T03,Postpaid,691,Y,2026-09-29 13:53:00
C0299,T08,Prepaid,597,N,2026-09-21 10:19:00
C0300,T10,Postpaid,659,N,2026-09-29 13:05:00
C0301,T06,Prepaid,89,N,2026-09-29 17:38:00
C0302,T05,Postpaid,625,Y,2026-09-24 02:08:00
C0303,T02,Prepaid,482,Y,2026-09-17 18:45:00
C0304,T05,Prepaid,895,Y,2026-09-28 00:53:00
C0305,T09,Prepaid,614,N,2026-09-02 20:48:00
C0306,T08,Premium,605,N,2026-09-15 15:11:00
C0307,T10,Prepaid,174,N,2026-09-21 12:05:00
C0308,T02,Postpaid,877,N,2026-09-04 20:06:00
C0309,T09,Postpaid,60,N,2026-09-20 22:08:00
C0310,T08,Prepaid,644,N,2026-09-17 23:15:00
C0311,T05,Prepaid,813,N,2026-09-28 05:03:00
C0312,T01,Postpaid,682,N,2026-09-16 00:06:00
C0313,T02,Postpaid,415,N,2026-09-30 21:08:00
C0314,T10,Premium,361,N,2026-09-07 10:28:00
C0315,T06,Prepaid,691,N,2026-09-18 20:07:00
C0316,T03,Postpaid,106,N,2026-09-18 03:26:00
C0317,T06,Postpaid,706,N,2026-09-24 22:57:00
C0318,T02,Postpaid,453,N,2026-09-01 19:54:00
C0319,T06,Prepaid,239,N,2026-09-23 03:08:00
C0320,T04,Prepaid,160,N,2026-09-14 11:05:00
C0321,T02,Prepaid,572,N,2026-09-24 23:06:00
C0322,T01,Postpaid,804,N,2026-09-28 04:21:00
C0323,T07,Prepaid,205,N,2026-09-29 10:22:00
C0324,T03,Postpaid,64,N,2026-09-11 19:26:00
C0325,T08,Postpaid,790,N,2026-09-21 10:20:00
C0326,T04,Prepaid,336,N,2026-09-22 08:17:00
C0327,T04,Prepaid,604,N,2026-09-22 00:16:00
C0328,T05,Postpaid,534,N,2026-09-08 09:00:00
C0329,T04,Postpaid,161,N,2026-09-03 08:59:00
C0330,T08,Premium,587,N,2026-09-24 11:30:00
C0331,T02,Prepaid,801,N,2026-09-21 10:46:00
C0332,T09,Prepaid,467,N,2026-09-11 02:31:00
C0333,T08,Premium,47,N,2026-09-19 01:02:00
C0334,T09,Prepaid,415,N,2026-09-18 01:30:00
C0335,T04,Prepaid,121,N,2026-09-30 13:55:00
C0336,T06,Postpaid,160,Y,2026-09-22 12:02:00
C0337,T03,Postpaid,500,N,2026-09-01 05:44:00
C0338,T02,Prepaid,240,N,2026-09-25 23:26:00
C0339,T10,Prepaid,133,N,2026-09-11 19:33:00
C0340,T05,Prepaid,264,N,2026-09-29 08:16:00
C0341,T08,Prepaid,876,N,2026-09-28 03:47:00
C0342,T09,Prepaid,547,N,2026-09-07 12:49:00
C0343,T05,Prepaid,649,N,2026-09-26 23:19:00
C0344,T07,Prepaid,704,Y,2026-09-17 09:52:00
C0345,T02,Premium,577,N,2026-09-24 02:27:00
C0346,T09,Prepaid,501,Y,2026-09-18 14:34:00
C0347,T06,Prepaid,36,N,2026-09-04 01:47:00
C0348,T06,Prepaid,692,N,2026-09-27 11:35:00
C0349,T06,Prepaid,380,N,2026-09-30 06:06:00
C0350,T03,Postpaid,721,N,2026-09-22 18:41:00
C0351,T03,Postpaid,84,N,2026-09-21 19:54:00
C0352,T01,Prepaid,64,N,2026-09-02 21:46:00
C0353,T06,Premium,547,N,2026-09-25 17:08:00
C0354,T08,Prepaid,791,N,2026-09-14 00:30:00
C0355,T06,Premium,68,N,2026-09-16 02:33:00
C0356,T05,Prepaid,396,N,2026-09-19 04:55:00
C0357,T08,Premium,415,N,2026-09-09 12:03:00
C0358,T08,Postpaid,396,N,2026-09-24 15:11:00
C0359,T05,Postpaid,764,N,2026-09-20 14:20:00
C0360,T10,Premium,204,N,2026-09-15 14:50:00
C0361,T02,Prepaid,696,N,2026-09-21 07:03:00
C0362,T10,Postpaid,190,N,2026-09-16 23:58:00
C0363,T08,Prepaid,381,N,2026-09-20 19:04:00
C0364,T05,Postpaid,830,N,2026-09-04 09:57:00
C0365,T07,Prepaid,840,N,2026-09-08 06:44:00
C0366,T01,Prepaid,642,N,2026-09-20 22:36:00
C0367,T01,Prepaid,261,N,2026-09-17 16:07:00
C0368,T06,Prepaid,600,Y,2026-09-07 23:35:00
C0369,T08,Premium,400,N,2026-09-04 11:58:00
C0370,T10,Prepaid,395,N,2026-09-30 13:29:00
C0371,T05,Prepaid,136,Y,2026-09-09 11:12:00
C0372,T08,Prepaid,595,N,2026-09-12 20:18:00
C0373,T08,Prepaid,646,N,2026-09-23 08:31:00
C0374,T04,Prepaid,893,Y,2026-09-08 20:35:00
C0375,T08,Premium,849,N,2026-09-15 13:04:00
C0376,T06,Postpaid,583,N,2026-09-14 15:37:00
C0377,T03,Postpaid,737,N,2026-09-17 10:50:00
C0378,T09,Prepaid,225,N,2026-09-11 18:34:00
C0379,T08,Prepaid,587,N,2026-09-22 06:31:00
C0380,T09,Prepaid,108,Y,2026-09-19 02:53:00
C0381,T08,Prepaid,807,N,2026-09-27 03:56:00
C0382,T02,Prepaid,344,N,2026-09-21 11:29:00
C0383,T08,Postpaid,372,N,2026-09-26 02:10:00
C0384,T10,Prepaid,152,N,2026-09-03 12:31:00
C0385,T02,Prepaid,331,N,2026-09-15 16:25:00
C0386,T04,Prepaid,551,N,2026-09-04 14:08:00
C0387,T05,Prepaid,584,N,2026-09-29 10:41:00
C0388,T05,Postpaid,115,N,2026-09-08 16:11:00
C0389,T10,Premium,177,N,2026-09-29 10:05:00
C0390,T10,Prepaid,597,Y,2026-09-02 06:59:00
C0391,T02,Prepaid,676,N,2026-09-13 01:04:00
C0392,T04,Postpaid,446,N,2026-09-02 09:04:00
C0393,T08,Premium,578,N,2026-09-14 17:58:00
C0394,T08,Prepaid,846,N,2026-09-14 12:52:00
C0395,T08,Prepaid,81,N,2026-09-19 21:58:00
C0396,T08,Prepaid,368,N,2026-09-15 05:25:00
C0397,T06,Postpaid,373,N,2026-09-06 22:49:00
C0398,T06,Prepaid,128,N,2026-09-22 05:30:00
C0399,T02,Prepaid,273,N,2026-09-03 07:16:00
C0400,T05,Premium,650,N,2026-09-08 06:26:00
C0401,T06,Premium,758,N,2026-09-08 06:02:00
C0402,T08,Premium,498,N,2026-09-15 01:00:00
C0403,T08,Prepaid,422,N,2026-09-11 22:56:00
C0404,T04,Postpaid,69,Y,2026-09-23 12:33:00
C0405,T10,Premium,689,N,2026-09-14 00:06:00
C0406,T09,Prepaid,130,N,2026-09-13 00:52:00
C0407,T06,Postpaid,394,Y,2026-09-03 07:52:00
C0408,T10,Postpaid,391,N,2026-09-04 08:18:00
C0409,T07,Prepaid,802,N,2026-09-29 08:44:00
C0410,T10,Prepaid,119,N,2026-09-16 10:22:00
C0411,T09,Premium,793,N,2026-09-28 10:03:00
C0412,T09,Prepaid,61,Y,2026-09-07 05:40:00
C0413,T06,Postpaid,551,N,2026-09-28 14:11:00
C0414,T09,Prepaid,647,N,2026-09-18 21:12:00
C0415,T10,Postpaid,326,N,2026-09-24 02:07:00
C0416,T09,Prepaid,745,N,2026-09-22 14:42:00
C0417,T01,Prepaid,709,N,2026-09-19 22:58:00
C0418,T10,Prepaid,762,N,2026-09-29 15:19:00
C0419,T01,Postpaid,291,N,2026-09-27 07:50:00
C0420,T10,Prepaid,72,N,2026-09-08 18:14:00
C0421,T09,Postpaid,654,N,2026-09-18 07:16:00
C0422,T03,Postpaid,268,Y,2026-09-06 00:02:00
C0423,T04,Prepaid,341,N,2026-09-19 19:03:00
C0424,T04,Prepaid,813,N,2026-09-22 11:07:00
C0425,T01,Postpaid,551,N,2026-09-15 19:02:00
C0426,T08,Prepaid,341,N,2026-09-21 22:04:00
C0427,T09,Prepaid,382,N,2026-09-30 06:39:00
C0428,T05,Postpaid,216,N,2026-09-13 16:44:00
C0429,T09,Prepaid,324,N,2026-09-10 10:24:00
C0430,T08,Prepaid,377,N,2026-09-13 10:41:00
C0431,T05,Prepaid,712,N,2026-09-18 22:56:00
C0432,T06,Premium,843,N,2026-09-02 21:56:00
C0433,T05,Premium,100,N,2026-09-21 03:11:00
C0434,T05,Postpaid,239,N,2026-09-25 12:16:00
C0435,T05,Premium,732,N,2026-09-05 23:18:00
C0436,T10,Postpaid,265,N,2026-09-25 04:02:00
C0437,T04,Postpaid,73,N,2026-09-16 00:46:00
C0438,T08,Prepaid,809,N,2026-09-26 01:07:00
C0439,T03,Prepaid,507,N,2026-09-10 01:51:00
C0440,T05,Prepaid,681,Y,2026-09-05 01:42:00
C0441,T10,Prepaid,776,N,2026-09-02 16:44:00
C0442,T03,Prepaid,877,N,2026-09-02 15:41:00
C0443,T07,Postpaid,210,N,2026-09-14 04:10:00
C0444,T01,Prepaid,601,N,2026-09-16 05:57:00
C0445,T05,Prepaid,676,N,2026-09-23 11:29:00
C0446,T03,Premium,499,N,2026-09-06 03:02:00
C0447,T06,Prepaid,489,N,2026-09-09 11:22:00
C0448,T01,Postpaid,829,N,2026-09-09 18:59:00
C0449,T03,Postpaid,674,N,2026-09-20 11:09:00
C0450,T09,Prepaid,430,N,2026-09-09 09:49:00
C0451,T03,Prepaid,274,Y,2026-09-18 10:57:00
C0452,T04,Prepaid,293,N,2026-09-14 17:48:00
C0453,T10,Postpaid,31,N,2026-09-17 08:43:00
C0454,T04,Prepaid,141,N,2026-09-08 06:27:00
C0455,T07,Postpaid,740,N,2026-09-06 08:14:00
C0456,T05,Prepaid,246,N,2026-09-07 01:53:00
C0457,T08,Prepaid,785,N,2026-09-18 00:05:00
C0458,T07,Postpaid,502,N,2026-09-10 22:33:00
C0459,T04,Postpaid,630,N,2026-09-04 17:25:00
C0460,T09,Prepaid,740,N,2026-09-26 16:13:00
C0461,T02,Prepaid,580,N,2026-09-10 04:48:00
C0462,T10,Prepaid,188,N,2026-09-24 16:21:00
C0463,T08,Prepaid,230,N,2026-09-23 05:55:00
C0464,T02,Premium,476,N,2026-09-21 15:16:00
C0465,T03,Prepaid,487,N,2026-09-26 10:21:00
C0466,T08,Postpaid,335,N,2026-09-19 00:28:00
C0467,T05,Postpaid,783,N,2026-09-04 07:46:00
C0468,T01,Prepaid,737,Y,2026-09-03 17:48:00
C0469,T02,Premium,503,Y,2026-09-19 14:35:00
C0470,T03,Postpaid,804,N,2026-09-30 09:28:00
C0471,T07,Prepaid,411,N,2026-09-18 04:19:00
C0472,T07,Prepaid,697,N,2026-09-07 01:15:00
C0473,T06,Prepaid,570,N,2026-09-06 19:05:00
C0474,T04,Postpaid,794,Y,2026-09-14 13:53:00
C0475,T08,Postpaid,577,N,2026-09-18 06:16:00
C0476,T04,Prepaid,374,N,2026-09-09 13:52:00
C0477,T02,Prepaid,696,N,2026-09-01 17:05:00
C0478,T04,Prepaid,123,N,2026-09-21 07:37:00
C0479,T10,Postpaid,69,N,2026-09-03 00:19:00
C0480,T07,Prepaid,572,N,2026-09-03 13:39:00
C0481,T03,Prepaid,316,N,2026-09-27 05:15:00
C0482,T06,Postpaid,811,N,2026-09-15 14:15:00
C0483,T04,Prepaid,166,N,2026-09-24 17:20:00
C0484,T04,Prepaid,301,Y,2026-09-27 22:15:00
C0485,T03,Postpaid,457,N,2026-09-03 03:12:00
C0486,T06,Premium,707,N,2026-09-24 20:51:00
C0487,T06,Postpaid,438,N,2026-09-18 03:11:00
C0488,T03,Postpaid,504,N,2026-09-11 06:08:00
C0489,T05,Premium,167,N,2026-09-03 14:56:00
C0490,T09,Prepaid,446,N,2026-09-07 02:27:00
C0491,T07,Prepaid,228,N,2026-09-04 14:21:00
C0492,T08,Postpaid,114,N,2026-09-09 16:03:00
C0493,T01,Prepaid,709,N,2026-09-02 19:11:00
C0494,T02,Prepaid,799,N,2026-09-26 10:24:00
C0495,T04,Prepaid,360,N,2026-09-01 16:44:00
C0496,T04,Premium,779,N,2026-09-22 19:06:00
C0497,T04,Postpaid,740,N,2026-09-11 21:24:00
C0498,T09,Prepaid,309,N,2026-09-25 06:53:00
C0499,T06,Prepaid,388,N,2026-09-23 15:09:00
C0500,T08,Prepaid,759,N,2026-09-15 13:46:00
C0501,T04,Prepaid,443,Y,2026-09-11 01:41:00
C0502,T03,Prepaid,586,N,2026-09-27 08:34:00
C0503,T07,Prepaid,220,N,2026-09-18 06:53:00
C0504,T10,Postpaid,531,N,2026-09-16 08:42:00
C0505,T05,Postpaid,520,N,2026-09-30 04:54:00
C0506,T08,Prepaid,770,N,2026-09-08 16:52:00
C0507,T03,Postpaid,520,N,2026-09-25 16:09:00
C0508,T01,Prepaid,879,N,2026-09-03 04:59:00
C0509,T01,Prepaid,882,N,2026-09-04 02:14:00
C0510,T03,Prepaid,537,N,2026-09-03 18:01:00
C0511,T10,Postpaid,651,N,2026-09-23 04:52:00
C0512,T01,Prepaid,584,N,2026-09-01 18:16:00
C0513,T09,Postpaid,568,N,2026-09-01 18:43:00
C0514,T09,Postpaid,710,N,2026-09-09 03:48:00
C0515,T02,Premium,556,N,2026-09-09 17:38:00
C0516,T10,Prepaid,854,N,2026-09-19 01:31:00
C0517,T02,Prepaid,435,N,2026-09-12 01:38:00
C0518,T04,Prepaid,867,N,2026-09-30 18:03:00
C0519,T01,Prepaid,408,N,2026-09-22 15:55:00
C0520,T01,Postpaid,739,N,2026-09-23 17:58:00
C0521,T07,Postpaid,359,N,2026-09-05 08:09:00
C0522,T09,Premium,255,N,2026-09-26 19:04:00
C0523,T08,Prepaid,96,N,2026-09-13 18:14:00
C0524,T09,Postpaid,53,N,2026-09-15 07:30:00
C0525,T01,Premium,621,N,2026-09-19 03:02:00
C0526,T02,Prepaid,597,N,2026-09-18 17:03:00
C0527,T09,Prepaid,793,N,2026-09-04 13:39:00
C0528,T09,Postpaid,374,Y,2026-09-20 21:25:00
C0529,T04,Postpaid,368,N,2026-09-28 22:30:00
C0530,T10,Prepaid,812,N,2026-09-29 20:37:00
C0531,T05,Postpaid,481,N,2026-09-17 04:38:00
C0532,T09,Premium,462,N,2026-09-27 15:55:00
C0533,T07,Prepaid,653,N,2026-09-12 05:11:00
C0534,T02,Prepaid,177,N,2026-09-29 20:23:00
C0535,T03,Postpaid,344,N,2026-09-05 03:57:00
C0536,T01,Premium,475,N,2026-09-13 06:39:00
C0537,T02,Prepaid,211,N,2026-09-26 08:22:00
C0538,T09,Prepaid,125,Y,2026-09-17 02:34:00
C0539,T09,Prepaid,632,N,2026-09-18 12:46:00
C0540,T01,Prepaid,417,N,2026-09-26 11:09:00
C0541,T04,Postpaid,193,N,2026-09-08 17:08:00
C0542,T03,Prepaid,294,N,2026-09-03 21:06:00
C0543,T03,Prepaid,451,N,2026-09-04 12:01:00
C0544,T06,Prepaid,272,N,2026-09-23 13:32:00
C0545,T10,Postpaid,488,N,2026-09-14 20:46:00
C0546,T01,Premium,360,N,2026-09-18 06:56:00
C0547,T06,Prepaid,460,N,2026-09-30 15:06:00
C0548,T10,Prepaid,348,N,2026-09-10 03:23:00
C0549,T08,Prepaid,427,N,2026-09-14 06:20:00
C0550,T08,Premium,820,N,2026-09-18 02:45:00
C0551,T05,Postpaid,422,N,2026-09-26 15:52:00
C0552,T04,Postpaid,578,N,2026-09-26 00:51:00
C0553,T01,Premium,492,N,2026-09-10 12:59:00
C0554,T08,Postpaid,871,N,2026-09-19 14:53:00
C0555,T08,Prepaid,330,N,2026-09-30 23:26:00
C0556,T03,Postpaid,828,N,2026-09-21 10:30:00
C0557,T10,Prepaid,430,N,2026-09-20 00:53:00
C0558,T09,Prepaid,388,N,2026-09-25 10:26:00
C0559,T10,Postpaid,107,N,2026-09-12 07:08:00
C0560,T06,Prepaid,647,Y,2026-09-30 08:32:00
C0561,T07,Premium,359,N,2026-09-20 14:10:00
C0562,T02,Prepaid,284,N,2026-09-24 14:39:00
C0563,T09,Postpaid,609,N,2026-09-18 00:38:00
C0564,T07,Prepaid,715,N,2026-09-23 18:38:00
C0565,T03,Prepaid,45,N,2026-09-14 10:41:00
C0566,T07,Premium,107,N,2026-09-07 10:44:00
C0567,T06,Prepaid,486,N,2026-09-24 17:11:00
C0568,T08,Prepaid,119,N,2026-09-21 14:11:00
C0569,T06,Prepaid,65,N,2026-09-06 05:42:00
C0570,T01,Postpaid,683,N,2026-09-08 11:31:00
C0571,T04,Prepaid,585,N,2026-09-26 11:30:00
C0572,T07,Premium,257,N,2026-09-29 15:51:00
C0573,T03,Prepaid,693,N,2026-09-02 07:53:00
C0574,T10,Premium,480,N,2026-09-18 16:42:00
C0575,T01,Postpaid,230,N,2026-09-03 20:20:00
C0576,T10,Prepaid,569,N,2026-09-15 20:03:00
C0577,T04,Prepaid,288,N,2026-09-23 06:38:00
C0578,T09,Premium,340,N,2026-09-28 19:42:00
C0579,T07,Postpaid,376,N,2026-09-21 20:06:00
C0580,T10,Prepaid,709,N,2026-09-14 12:53:00
C0581,T10,Postpaid,708,N,2026-09-06 08:44:00
C0582,T04,Prepaid,207,N,2026-09-07 10:24:00
C0583,T09,Prepaid,630,N,2026-09-18 11:06:00
C0584,T07,Prepaid,670,N,2026-09-30 08:47:00
C0585,T03,Postpaid,521,N,2026-09-09 12:21:00
C0586,T06,Postpaid,654,Y,2026-09-17 08:09:00
C0587,T01,Prepaid,219,N,2026-09-26 13:23:00
C0588,T09,Postpaid,438,N,2026-09-19 21:58:00
C0589,T08,Prepaid,104,N,2026-09-11 00:52:00
C0590,T05,Prepaid,250,N,2026-09-08 15:43:00
C0591,T08,Postpaid,811,N,2026-09-26 00:26:00
C0592,T09,Prepaid,136,N,2026-09-25 17:13:00
C0593,T06,Prepaid,794,Y,2026-09-21 02:05:00
C0594,T09,Prepaid,455,N,2026-09-30 17:59:00
C0595,T04,Prepaid,53,N,2026-09-16 20:44:00
C0596,T02,Prepaid,140,N,2026-09-11 18:48:00
C0597,T04,Postpaid,622,N,2026-09-28 18:34:00
C0598,T07,Prepaid,162,N,2026-09-10 10:02:00
C0599,T01,Postpaid,565,N,2026-09-25 12:28:00
C0600,T03,Prepaid,740,N,2026-09-27 01:34:00
C0601,T05,Premium,546,N,2026-09-05 08:00:00
C0602,T03,Premium,824,N,2026-09-03 16:45:00
C0603,T05,Premium,149,N,2026-09-07 00:56:00
C0604,T04,Prepaid,349,N,2026-09-18 20:56:00
C0605,T08,Prepaid,667,N,2026-09-19 20:26:00
C0606,T07,Prepaid,668,N,2026-09-05 05:41:00
C0607,T07,Prepaid,304,N,2026-09-17 19:07:00
C0608,T08,Premium,355,N,2026-09-05 05:44:00
C0609,T08,Postpaid,734,N,2026-09-03 21:10:00
C0610,T09,Prepaid,459,N,2026-09-23 12:21:00
C0611,T05,Prepaid,310,N,2026-09-27 07:15:00
C0612,T03,Postpaid,516,N,2026-09-03 04:52:00
C0613,T01,Prepaid,822,N,2026-09-01 17:47:00
C0614,T02,Premium,181,N,2026-09-01 00:44:00
C0615,T07,Prepaid,725,N,2026-09-30 13:58:00
C0616,T05,Prepaid,300,N,2026-09-17 09:41:00
C0617,T05,Prepaid,700,N,2026-09-08 12:47:00
C0618,T01,Prepaid,332,N,2026-09-11 15:44:00
C0619,T07,Postpaid,740,Y,2026-09-10 17:06:00
C0620,T08,Prepaid,627,N,2026-09-21 06:07:00
C0621,T01,Prepaid,371,N,2026-09-20 05:16:00
C0622,T03,Prepaid,254,N,2026-09-05 15:52:00
C0623,T02,Prepaid,326,N,2026-09-07 01:25:00
C0624,T03,Prepaid,596,Y,2026-09-30 13:59:00
C0625,T03,Prepaid,759,N,2026-09-07 21:20:00
C0626,T07,Postpaid,473,N,2026-09-04 22:41:00
C0627,T02,Prepaid,146,N,2026-09-18 11:27:00
C0628,T06,Premium,342,N,2026-09-12 06:38:00
C0629,T05,Postpaid,274,N,2026-09-28 07:22:00
C0630,T10,Prepaid,727,Y,2026-09-30 23:09:00
C0631,T05,Prepaid,641,N,2026-09-18 19:53:00
C0632,T05,Postpaid,822,N,2026-09-11 21:25:00
C0633,T08,Prepaid,266,N,2026-09-28 00:43:00
C0634,T02,Prepaid,32,N,2026-09-15 09:40:00
C0635,T03,Prepaid,879,N,2026-09-17 15:07:00
C0636,T09,Postpaid,801,N,2026-09-04 07:43:00
C0637,T01,Postpaid,34,N,2026-09-02 19:30:00
C0638,T01,Premium,427,N,2026-09-29 14:34:00
C0639,T09,Postpaid,453,N,2026-09-04 18:01:00
C0640,T09,Prepaid,176,N,2026-09-15 02:30:00
C0641,T02,Prepaid,228,N,2026-09-08 01:42:00
C0642,T09,Prepaid,620,N,2026-09-30 13:47:00
C0643,T02,Prepaid,467,N,2026-09-11 20:39:00
C0644,T01,Prepaid,464,N,2026-09-28 20:47:00
C0645,T10,Prepaid,702,N,2026-09-08 23:51:00
C0646,T02,Prepaid,160,N,2026-09-08 10:56:00
C0647,T08,Premium,555,N,2026-09-12 19:10:00
C0648,T03,Prepaid,787,N,2026-09-13 05:33:00
C0649,T02,Postpaid,50,N,2026-09-20 12:56:00
C0650,T05,Prepaid,289,N,2026-09-27 05:51:00
C0651,T02,Prepaid,543,N,2026-09-23 17:42:00
C0652,T10,Prepaid,181,N,2026-09-05 16:23:00
C0653,T10,Postpaid,138,N,2026-09-24 03:46:00
C0654,T01,Prepaid,32,N,2026-09-22 11:17:00
C0655,T06,Prepaid,173,N,2026-09-02 14:37:00
C0656,T09,Postpaid,751,N,2026-09-20 02:03:00
C0657,T04,Prepaid,446,N,2026-09-15 13:27:00
C0658,T05,Postpaid,605,N,2026-09-23 20:21:00
C0659,T01,Prepaid,843,N,2026-09-03 02:09:00
C0660,T07,Prepaid,496,N,2026-09-15 03:21:00
C0661,T06,Prepaid,487,Y,2026-09-10 03:11:00
C0662,T05,Postpaid,331,N,2026-09-12 00:57:00
C0663,T08,Prepaid,525,N,2026-09-09 21:27:00
C0664,T09,Postpaid,271,N,2026-09-19 15:52:00
C0665,T01,Prepaid,374,N,2026-09-01 10:28:00
C0666,T06,Prepaid,693,N,2026-09-14 23:53:00
C0667,T02,Prepaid,263,N,2026-09-03 17:25:00
C0668,T03,Postpaid,115,Y,2026-09-11 12:49:00
C0669,T09,Prepaid,401,N,2026-09-04 20:44:00
C0670,T10,Prepaid,156,N,2026-09-18 22:44:00
C0671,T02,Postpaid,83,N,2026-09-06 22:46:00
C0672,T04,Prepaid,891,N,2026-09-18 21:12:00
C0673,T06,Prepaid,298,N,2026-09-10 05:24:00
C0674,T03,Postpaid,618,N,2026-09-05 19:24:00
C0675,T03,Prepaid,341,N,2026-09-25 09:22:00
C0676,T06,Premium,232,N,2026-09-22 02:05:00
C0677,T05,Premium,112,N,2026-09-14 20:17:00
C0678,T10,Prepaid,875,N,2026-09-07 18:00:00
C0679,T02,Postpaid,384,N,2026-09-03 05:28:00
C0680,T05,Prepaid,198,Y,2026-09-19 09:42:00
C0681,T08,Postpaid,583,N,2026-09-22 00:40:00
C0682,T02,Postpaid,163,N,2026-09-03 19:21:00
C0683,T04,Prepaid,863,N,2026-09-29 16:27:00
C0684,T02,Postpaid,285,N,2026-09-04 09:54:00
C0685,T01,Premium,222,N,2026-09-21 04:20:00
C0686,T03,Prepaid,887,N,2026-09-16 02:08:00
C0687,T02,Prepaid,492,Y,2026-09-27 02:50:00
C0688,T07,Postpaid,424,N,2026-09-18 10:02:00
C0689,T07,Prepaid,239,N,2026-09-13 12:21:00
C0690,T05,Prepaid,172,Y,2026-09-29 04:18:00
C0691,T10,Prepaid,322,N,2026-09-26 01:29:00
C0692,T08,Prepaid,306,N,2026-09-20 01:54:00
C0693,T04,Postpaid,836,N,2026-09-29 16:57:00
C0694,T09,Postpaid,411,N,2026-09-17 08:14:00
C0695,T08,Prepaid,516,N,2026-09-26 17:50:00
C0696,T09,Prepaid,296,N,2026-09-15 12:17:00
C0697,T10,Prepaid,850,N,2026-09-03 15:59:00
C0698,T08,Prepaid,805,N,2026-09-11 14:14:00
C0699,T03,Prepaid,692,N,2026-09-25 06:55:00
C0700,T01,Postpaid,244,N,2026-09-18 16:15:00
C0701,T06,Premium,885,N,2026-09-11 18:22:00
C0702,T10,Prepaid,775,N,2026-09-27 22:08:00
C0703,T01,Postpaid,380,N,2026-09-26 15:36:00
C0704,T03,Postpaid,212,N,2026-09-23 09:38:00
C0705,T09,Prepaid,522,Y,2026-09-03 13:21:00
C0706,T04,Postpaid,40,N,2026-09-01 00:44:00
C0707,T06,Premium,226,N,2026-09-16 12:11:00
C0708,T03,Premium,884,N,2026-09-03 17:03:00
C0709,T01,Prepaid,741,N,2026-09-06 01:09:00
C0710,T09,Premium,94,N,2026-09-19 00:05:00
C0711,T10,Prepaid,329,N,2026-09-08 04:02:00
C0712,T07,Postpaid,518,N,2026-09-08 22:16:00
C0713,T09,Postpaid,648,N,2026-09-11 03:50:00
C0714,T10,Postpaid,407,N,2026-09-14 09:41:00
C0715,T03,Prepaid,21,N,2026-09-27 01:41:00
C0716,T07,Premium,809,N,2026-09-02 11:22:00
C0717,T03,Postpaid,848,N,2026-09-11 01:16:00
C0718,T10,Prepaid,528,N,2026-09-04 12:59:00
C0719,T04,Prepaid,347,N,2026-09-05 00:54:00
C0720,T06,Prepaid,291,N,2026-09-04 02:02:00
C0721,T06,Prepaid,130,N,2026-09-03 04:35:00
C0722,T07,Prepaid,449,N,2026-09-19 20:13:00
C0723,T08,Premium,379,N,2026-09-05 14:47:00
C0724,T08,Postpaid,611,N,2026-09-11 06:23:00
C0725,T03,Prepaid,838,N,2026-09-14 10:07:00
C0726,T01,Prepaid,127,N,2026-09-08 17:48:00
C0727,T07,Prepaid,96,N,2026-09-05 05:41:00
C0728,T06,Postpaid,648,N,2026-09-02 09:51:00
C0729,T07,Premium,188,N,2026-09-20 18:15:00
C0730,T03,Prepaid,359,N,2026-09-09 15:30:00
C0731,T07,Postpaid,759,N,2026-09-25 13:57:00
C0732,T05,Postpaid,324,N,2026-09-03 06:12:00
C0733,T07,Postpaid,880,N,2026-09-03 11:32:00
C0734,T06,Prepaid,109,N,2026-09-29 10:45:00
C0735,T10,Prepaid,119,Y,2026-09-08 18:35:00
C0736,T05,Premium,504,N,2026-09-15 00:48:00
C0737,T07,Prepaid,696,N,2026-09-30 05:05:00
C0738,T09,Prepaid,399,N,2026-09-17 19:29:00
C0739,T03,Prepaid,289,N,2026-09-12 23:42:00
C0740,T04,Postpaid,597,Y,2026-09-05 09:37:00
C0741,T02,Postpaid,847,N,2026-09-27 20:08:00
C0742,T04,Postpaid,880,N,2026-09-24 18:47:00
C0743,T07,Premium,723,N,2026-09-22 14:38:00
C0744,T10,Premium,507,N,2026-09-18 23:13:00
C0745,T01,Prepaid,549,N,2026-09-29 05:30:00
C0746,T03,Prepaid,795,N,2026-09-08 14:35:00
C0747,T04,Postpaid,149,Y,2026-09-04 13:35:00
C0748,T07,Prepaid,862,N,2026-09-28 01:57:00
C0749,T05,Prepaid,764,N,2026-09-04 01:11:00
C0750,T02,Prepaid,426,N,2026-09-13 13:41:00
C0751,T09,Prepaid,32,N,2026-09-29 08:32:00
C0752,T10,Prepaid,449,N,2026-09-07 19:26:00
C0753,T03,Postpaid,616,N,2026-09-05 13:26:00
C0754,T02,Postpaid,123,N,2026-09-25 09:03:00
C0755,T06,Premium,290,N,2026-09-23 02:23:00
C0756,T10,Postpaid,58,N,2026-09-19 08:09:00
C0757,T03,Postpaid,717,N,2026-09-02 18:21:00
C0758,T07,Premium,359,N,2026-09-03 05:50:00
C0759,T08,Premium,401,Y,2026-09-14 19:01:00
C0760,T05,Prepaid,523,N,2026-09-05 11:16:00
C0761,T04,Prepaid,781,N,2026-09-15 14:28:00
C0762,T05,Postpaid,639,N,2026-09-09 13:16:00
C0763,T08,Prepaid,863,N,2026-09-23 01:09:00
C0764,T09,Premium,860,Y,2026-09-08 05:38:00
C0765,T02,Prepaid,538,N,2026-09-24 20:39:00
C0766,T10,Prepaid,217,N,2026-09-10 03:14:00
C0767,T01,Prepaid,487,Y,2026-09-17 09:37:00
C0768,T04,Prepaid,863,N,2026-09-19 01:34:00
C0769,T02,Postpaid,267,N,2026-09-28 00:51:00
C0770,T08,Prepaid,505,N,2026-09-16 22:01:00
C0771,T06,Prepaid,284,N,2026-09-05 02:43:00
C0772,T05,Prepaid,70,N,2026-09-27 01:03:00
C0773,T04,Premium,682,N,2026-09-10 09:48:00
C0774,T05,Postpaid,545,Y,2026-09-01 09:43:00
C0775,T08,Premium,682,N,2026-09-01 09:14:00
C0776,T04,Prepaid,844,N,2026-09-30 06:02:00
C0777,T05,Prepaid,405,N,2026-09-21 21:20:00
C0778,T05,Prepaid,329,N,2026-09-29 09:08:00
C0779,T07,Postpaid,27,N,2026-09-18 00:45:00
C0780,T09,Postpaid,643,N,2026-09-05 22:04:00
C0781,T08,Prepaid,303,N,2026-09-13 14:25:00
C0782,T05,Postpaid,687,N,2026-09-07 19:45:00
C0783,T09,Postpaid,78,N,2026-09-28 07:23:00
C0784,T07,Postpaid,717,N,2026-09-02 03:48:00
C0785,T08,Premium,285,N,2026-09-19 09:55:00
C0786,T07,Postpaid,617,N,2026-09-27 00:49:00
C0787,T04,Prepaid,750,N,2026-09-25 07:57:00
C0788,T08,Premium,707,N,2026-09-14 15:53:00
C0789,T03,Postpaid,591,N,2026-09-05 10:36:00
C0790,T08,Prepaid,284,N,2026-09-26 10:36:00
C0791,T03,Premium,363,N,2026-09-11 02:45:00
C0792,T06,Prepaid,334,N,2026-09-16 01:53:00
C0793,T06,Prepaid,321,N,2026-09-06 08:38:00
C0794,T08,Prepaid,669,N,2026-09-29 05:55:00
C0795,T02,Prepaid,219,N,2026-09-18 08:53:00
C0796,T09,Prepaid,75,N,2026-09-07 20:41:00
C0797,T03,Premium,370,N,2026-09-26 21:56:00
C0798,T08,Prepaid,752,N,2026-09-04 16:16:00
C0799,T08,Prepaid,201,N,2026-09-03 15:21:00
C0800,T01,Prepaid,234,N,2026-09-08 16:09:00
C0801,T10,Postpaid,521,N,2026-09-05 00:09:00
C0802,T03,Postpaid,668,N,2026-09-20 12:36:00
C0803,T08,Prepaid,58,N,2026-09-17 23:31:00
C0804,T01,Premium,795,N,2026-09-09 16:09:00
C0805,T01,Postpaid,661,N,2026-09-11 07:08:00
C0806,T06,Prepaid,125,N,2026-09-27 18:59:00
C0807,T05,Prepaid,863,Y,2026-09-14 05:39:00
C0808,T08,Postpaid,630,N,2026-09-20 17:40:00
C0809,T03,Prepaid,521,N,2026-09-09 13:48:00
C0810,T03,Premium,851,N,2026-09-11 09:29:00
C0811,T04,Postpaid,154,N,2026-09-01 23:56:00
C0812,T10,Prepaid,146,N,2026-09-30 14:33:00
C0813,T01,Prepaid,675,N,2026-09-25 08:04:00
C0814,T10,Prepaid,69,N,2026-09-30 17:52:00
C0815,T01,Prepaid,138,N,2026-09-18 07:20:00
C0816,T02,Prepaid,505,N,2026-09-10 08:27:00
C0817,T01,Prepaid,697,N,2026-09-24 16:18:00
C0818,T05,Postpaid,737,N,2026-09-05 18:35:00
C0819,T09,Postpaid,140,N,2026-09-05 20:04:00
C0820,T08,Prepaid,224,N,2026-09-24 19:24:00
C0821,T04,Prepaid,439,N,2026-09-02 19:02:00
C0822,T09,Prepaid,232,N,2026-09-22 21:00:00
C0823,T06,Prepaid,33,N,2026-09-06 00:37:00
C0824,T10,Postpaid,172,N,2026-09-24 06:55:00
C0825,T02,Postpaid,123,N,2026-09-30 07:47:00
C0826,T04,Prepaid,323,N,2026-09-03 06:42:00
C0827,T02,Postpaid,60,N,2026-09-17 09:27:00
C0828,T06,Prepaid,138,N,2026-09-03 02:07:00
C0829,T01,Premium,699,N,2026-09-15 22:59:00
C0830,T06,Premium,656,N,2026-09-05 05:31:00
C0831,T06,Postpaid,207,N,2026-09-19 05:10:00
C0832,T08,Prepaid,414,N,2026-09-22 18:22:00
C0833,T07,Postpaid,836,N,2026-09-07 00:44:00
C0834,T01,Premium,884,N,2026-09-19 22:24:00
C0835,T10,Prepaid,602,N,2026-09-09 05:59:00
C0836,T10,Prepaid,387,N,2026-09-06 22:42:00
C0837,T08,Premium,135,N,2026-09-21 01:20:00
C0838,T01,Prepaid,690,N,2026-09-24 21:14:00
C0839,T10,Postpaid,249,N,2026-09-16 09:30:00
C0840,T09,Prepaid,737,N,2026-09-20 16:47:00
C0841,T04,Prepaid,699,N,2026-09-18 12:23:00
C0842,T03,Postpaid,591,N,2026-09-28 21:27:00
C0843,T01,Prepaid,180,N,2026-09-22 08:35:00
C0844,T08,Premium,96,N,2026-09-15 14:13:00
C0845,T04,Prepaid,304,Y,2026-09-11 03:15:00
C0846,T09,Postpaid,432,N,2026-09-04 14:06:00
C0847,T08,Prepaid,606,N,2026-09-23 16:26:00
C0848,T08,Prepaid,529,N,2026-09-01 19:24:00
C0849,T02,Prepaid,56,N,2026-09-01 00:11:00
C0850,T02,Postpaid,653,N,2026-09-24 03:14:00
C0851,T09,Prepaid,707,N,2026-09-16 12:18:00
C0852,T06,Postpaid,856,N,2026-09-21 16:23:00
C0853,T06,Postpaid,654,N,2026-09-30 21:48:00
C0854,T06,Postpaid,136,N,2026-09-30 23:42:00
C0855,T04,Prepaid,383,N,2026-09-14 06:55:00
C0856,T09,Prepaid,738,N,2026-09-08 11:18:00
C0857,T08,Prepaid,754,N,2026-09-19 14:58:00
C0858,T02,Prepaid,220,N,2026-09-18 21:08:00
C0859,T04,Prepaid,820,N,2026-09-16 09:06:00
C0860,T02,Postpaid,67,N,2026-09-27 19:08:00
C0861,T02,Postpaid,481,N,2026-09-27 19:41:00
C0862,T09,Prepaid,530,Y,2026-09-03 05:03:00
C0863,T09,Premium,878,N,2026-09-24 03:14:00
C0864,T03,Postpaid,197,N,2026-09-06 20:13:00
C0865,T02,Prepaid,634,N,2026-09-15 15:32:00
C0866,T09,Premium,448,N,2026-09-12 07:08:00
C0867,T05,Prepaid,371,N,2026-09-21 14:37:00
C0868,T03,Prepaid,636,N,2026-09-24 07:33:00
C0869,T05,Postpaid,580,N,2026-09-26 04:39:00
C0870,T04,Prepaid,659,N,2026-09-16 17:09:00
C0871,T03,Premium,685,N,2026-09-09 02:13:00
C0872,T09,Prepaid,672,N,2026-09-06 06:03:00
C0873,T06,Postpaid,616,N,2026-09-19 23:59:00
C0874,T09,Prepaid,887,N,2026-09-01 13:56:00
C0875,T09,Prepaid,410,N,2026-09-03 13:49:00
C0876,T04,Prepaid,824,N,2026-09-14 01:03:00
C0877,T05,Prepaid,83,N,2026-09-14 10:22:00
C0878,T04,Postpaid,53,N,2026-09-21 14:21:00
C0879,T02,Postpaid,711,N,2026-09-11 05:00:00
C0880,T09,Prepaid,543,N,2026-09-14 02:10:00
C0881,T01,Premium,416,N,2026-09-15 05:30:00
C0882,T09,Prepaid,781,N,2026-09-29 05:49:00
C0883,T08,Postpaid,668,N,2026-09-30 11:23:00
C0884,T06,Postpaid,579,N,2026-09-09 22:35:00
C0885,T04,Prepaid,201,N,2026-09-04 09:20:00
C0886,T03,Premium,772,N,2026-09-18 04:00:00
C0887,T01,Prepaid,589,N,2026-09-08 07:46:00
C0888,T10,Postpaid,25,N,2026-09-08 01:05:00
C0889,T01,Prepaid,350,N,2026-09-29 11:04:00
C0890,T10,Postpaid,328,N,2026-09-27 01:30:00
C0891,T09,Prepaid,822,N,2026-09-24 21:52:00
C0892,T04,Premium,553,Y,2026-09-23 23:44:00
C0893,T03,Prepaid,569,N,2026-09-16 21:38:00
C0894,T04,Premium,699,N,2026-09-17 10:05:00
C0895,T05,Prepaid,790,N,2026-09-22 14:40:00
C0896,T09,Postpaid,684,Y,2026-09-16 17:55:00
C0897,T08,Prepaid,677,N,2026-09-29 06:26:00
C0898,T04,Premium,718,N,2026-09-18 08:33:00
C0899,T02,Prepaid,573,N,2026-09-02 02:59:00
C0900,T09,Postpaid,403,N,2026-09-24 03:40:00
C0901,T08,Prepaid,323,N,2026-09-09 18:16:00
C0902,T06,Prepaid,118,N,2026-09-25 11:36:00
C0903,T09,Prepaid,87,N,2026-09-29 15:35:00
C0904,T04,Premium,454,N,2026-09-10 08:32:00
C0905,T09,Postpaid,779,N,2026-09-30 10:13:00
C0906,T02,Postpaid,177,Y,2026-09-16 02:19:00
C0907,T01,Prepaid,75,N,2026-09-12 11:09:00
C0908,T09,Prepaid,861,N,2026-09-12 18:30:00
C0909,T07,Prepaid,665,N,2026-09-15 09:35:00
C0910,T01,Prepaid,141,N,2026-09-30 04:36:00
C0911,T10,Prepaid,783,N,2026-09-04 07:17:00
C0912,T06,Premium,128,N,2026-09-14 17:09:00
C0913,T10,Prepaid,803,N,2026-09-18 08:36:00
C0914,T07,Postpaid,51,N,2026-09-25 06:41:00
C0915,T04,Prepaid,420,N,2026-09-25 20:04:00
C0916,T05,Premium,167,N,2026-09-30 11:43:00
C0917,T06,Premium,31,N,2026-09-26 06:17:00
C0918,T03,Prepaid,25,N,2026-09-18 22:26:00
C0919,T09,Prepaid,107,N,2026-09-16 15:34:00
C0920,T04,Prepaid,681,N,2026-09-07 11:35:00
C0921,T03,Prepaid,651,N,2026-09-09 20:15:00
C0922,T02,Prepaid,838,N,2026-09-03 11:24:00
C0923,T09,Prepaid,582,N,2026-09-04 01:34:00
C0924,T05,Prepaid,763,N,2026-09-16 01:22:00
C0925,T06,Prepaid,691,N,2026-09-13 23:26:00
C0926,T10,Prepaid,218,N,2026-09-21 12:13:00
C0927,T06,Postpaid,333,N,2026-09-07 22:27:00
C0928,T10,Postpaid,847,N,2026-09-20 11:49:00
C0929,T03,Prepaid,272,N,2026-09-30 03:57:00
C0930,T07,Prepaid,388,N,2026-09-16 02:09:00
C0931,T08,Prepaid,387,N,2026-09-23 03:54:00
C0932,T09,Prepaid,681,N,2026-09-13 18:30:00
C0933,T03,Premium,221,N,2026-09-29 12:26:00
C0934,T02,Postpaid,39,N,2026-09-29 17:54:00
C0935,T01,Postpaid,612,N,2026-09-27 20:28:00
C0936,T04,Premium,584,N,2026-09-25 13:28:00
C0937,T08,Postpaid,172,N,2026-09-11 03:54:00
C0938,T10,Postpaid,317,N,2026-09-23 19:21:00
C0939,T09,Prepaid,392,N,2026-09-11 20:55:00
C0940,T10,Postpaid,795,N,2026-09-21 07:23:00
C0941,T03,Prepaid,599,N,2026-09-07 15:41:00
C0942,T08,Premium,61,N,2026-09-23 04:38:00
C0943,T04,Prepaid,398,N,2026-09-10 09:51:00
C0944,T09,Premium,389,N,2026-09-21 16:35:00
C0945,T01,Prepaid,684,N,2026-09-24 17:28:00
C0946,T05,Postpaid,289,N,2026-09-26 22:46:00
C0947,T03,Prepaid,407,N,2026-09-30 17:37:00
C0948,T02,Prepaid,405,N,2026-09-11 03:27:00
C0949,T09,Prepaid,856,N,2026-09-23 03:46:00
C0950,T08,Premium,26,N,2026-09-07 07:47:00
C0951,T08,Prepaid,98,N,2026-09-13 18:43:00
C0952,T04,Prepaid,181,N,2026-09-06 09:14:00
C0953,T04,Prepaid,358,N,2026-09-22 21:56:00
C0954,T08,Prepaid,624,N,2026-09-19 16:48:00
C0955,T01,Prepaid,150,N,2026-09-08 07:59:00
C0956,T03,Postpaid,60,N,2026-09-07 16:24:00
C0957,T01,Prepaid,204,N,2026-09-19 10:51:00
C0958,T10,Premium,672,Y,2026-09-13 21:36:00
C0959,T02,Prepaid,641,N,2026-09-22 22:06:00
C0960,T03,Prepaid,440,N,2026-09-27 12:24:00
C0961,T03,Postpaid,543,N,2026-09-16 14:17:00
C0962,T08,Postpaid,90,N,2026-09-18 13:01:00
C0963,T03,Prepaid,227,N,2026-09-23 22:53:00
C0964,T07,Postpaid,640,Y,2026-09-22 15:46:00
C0965,T10,Postpaid,822,N,2026-09-06 08:21:00
C0966,T02,Prepaid,153,N,2026-09-25 13:02:00
C0967,T01,Premium,813,N,2026-09-20 15:18:00
C0968,T09,Prepaid,64,N,2026-09-20 12:32:00
C0969,T04,Premium,513,N,2026-09-18 08:24:00
C0970,T06,Postpaid,779,N,2026-09-27 05:16:00
C0971,T02,Prepaid,280,N,2026-09-11 13:57:00
C0972,T02,Prepaid,576,N,2026-09-09 14:27:00
C0973,T01,Postpaid,828,Y,2026-09-24 18:45:00
C0974,T02,Prepaid,404,N,2026-09-15 09:02:00
C0975,T07,Prepaid,178,N,2026-09-27 15:22:00
C0976,T05,Prepaid,568,N,2026-09-17 15:22:00
C0977,T10,Prepaid,716,N,2026-09-10 06:29:00
C0978,T07,Postpaid,590,N,2026-09-17 20:22:00
C0979,T09,Postpaid,279,N,2026-09-27 06:56:00
C0980,T06,Postpaid,427,N,2026-09-06 10:04:00
C0981,T04,Prepaid,736,N,2026-09-05 13:31:00
C0982,T04,Prepaid,824,N,2026-09-26 01:22:00
C0983,T10,Postpaid,743,Y,2026-09-18 17:00:00
C0984,T01,Postpaid,863,N,2026-09-28 07:37:00
C0985,T07,Prepaid,289,N,2026-09-04 15:25:00
C0986,T10,Prepaid,413,N,2026-09-19 05:36:00
C0987,T10,Postpaid,313,N,2026-09-28 04:35:00
C0988,T01,Premium,859,N,2026-09-23 11:58:00
C0989,T08,Prepaid,890,N,2026-09-24 13:57:00
C0990,T05,Prepaid,822,N,2026-09-24 11:24:00
C0991,T04,Postpaid,710,Y,2026-09-11 21:19:00
C0992,T01,Premium,108,N,2026-09-19 04:17:00
C0993,T06,Postpaid,435,N,2026-09-24 13:30:00
C0994,T01,Postpaid,90,N,2026-09-26 00:18:00
C0995,T05,Postpaid,592,N,2026-09-16 20:12:00
C0996,T06,Premium,303,N,2026-09-09 20:28:00
C0997,T08,Premium,608,Y,2026-09-08 23:11:00
C0998,T07,Prepaid,592,N,2026-09-14 09:24:00
C0999,T06,Premium,842,N,2026-09-12 17:28:00
C1000,T09,Postpaid,608,N,2026-09-21 03:37:00
C1001,T07,Postpaid,808,N,2026-09-16 11:00:00
C1002,T08,Postpaid,620,N,2026-09-22 22:26:00
C1003,T02,Prepaid,411,N,2026-09-11 00:42:00
C1004,T04,Postpaid,442,N,2026-09-24 12:09:00
C1005,T09,Prepaid,872,N,2026-09-14 01:47:00
C1006,T02,Prepaid,786,N,2026-09-04 11:02:00
C1007,T09,Premium,507,N,2026-09-10 22:43:00
C1008,T10,Prepaid,784,N,2026-09-09 15:42:00
C1009,T08,Postpaid,260,N,2026-09-13 01:53:00
C1010,T04,Prepaid,874,N,2026-09-29 03:40:00
C1011,T06,Prepaid,129,N,2026-09-04 13:43:00
C1012,T08,Postpaid,802,N,2026-09-02 22:09:00
C1013,T08,Prepaid,342,N,2026-09-27 03:31:00
C1014,T05,Prepaid,802,N,2026-09-13 18:07:00
C1015,T07,Prepaid,610,N,2026-09-24 22:14:00
C1016,T07,Prepaid,573,Y,2026-09-16 19:19:00
C1017,T07,Premium,814,N,2026-09-06 11:28:00
C1018,T09,Prepaid,725,Y,2026-09-10 14:11:00
C1019,T07,Postpaid,353,N,2026-09-12 19:39:00
C1020,T03,Prepaid,262,N,2026-09-28 21:39:00
C1021,T06,Prepaid,530,N,2026-09-20 01:45:00
C1022,T06,Prepaid,430,N,2026-09-09 04:29:00
C1023,T10,Prepaid,609,N,2026-09-05 13:05:00
C1024,T05,Postpaid,588,N,2026-09-18 08:01:00
C1025,T04,Prepaid,776,N,2026-09-01 10:38:00
C1026,T03,Prepaid,157,N,2026-09-29 16:50:00
C1027,T09,Prepaid,343,N,2026-09-14 15:43:00
C1028,T05,Postpaid,601,Y,2026-09-05 12:06:00
C1029,T03,Prepaid,853,N,2026-09-29 15:58:00
C1030,T02,Prepaid,362,N,2026-09-17 09:33:00
C1031,T09,Postpaid,849,N,2026-09-01 21:39:00
C1032,T07,Prepaid,715,N,2026-09-10 01:18:00
C1033,T10,Postpaid,684,N,2026-09-13 22:52:00
C1034,T06,Prepaid,542,N,2026-09-21 08:10:00
C1035,T02,Prepaid,313,N,2026-09-07 14:12:00
C1036,T03,Postpaid,365,N,2026-09-28 20:48:00
C1037,T10,Prepaid,93,N,2026-09-16 15:19:00
C1038,T04,Prepaid,688,N,2026-09-13 04:09:00
C1039,T10,Postpaid,297,N,2026-09-17 12:40:00
C1040,T10,Prepaid,481,N,2026-09-09 08:51:00
C1041,T01,Prepaid,260,N,2026-09-04 15:27:00
C1042,T04,Prepaid,125,N,2026-09-22 12:50:00
C1043,T09,Prepaid,809,N,2026-09-04 18:55:00
C1044,T02,Prepaid,179,N,2026-09-18 17:48:00
C1045,T05,Prepaid,775,N,2026-09-29 12:17:00
C1046,T03,Prepaid,878,N,2026-09-02 14:23:00
C1047,T06,Premium,353,N,2026-09-22 06:17:00
C1048,T09,Premium,581,N,2026-09-25 13:02:00
C1049,T03,Postpaid,487,N,2026-09-29 22:31:00
C1050,T10,Prepaid,675,N,2026-09-15 02:13:00
C1051,T06,Prepaid,252,N,2026-09-21 02:37:00
C1052,T05,Prepaid,286,N,2026-09-01 11:31:00
C1053,T01,Prepaid,796,N,2026-09-16 15:36:00
C1054,T05,Prepaid,28,N,2026-09-23 09:19:00
C1055,T08,Prepaid,804,N,2026-09-14 07:56:00
C1056,T10,Prepaid,27,N,2026-09-09 13:58:00
C1057,T07,Premium,467,N,2026-09-08 10:20:00
C1058,T07,Postpaid,245,N,2026-09-20 05:11:00
C1059,T04,Prepaid,839,N,2026-09-13 08:56:00
C1060,T05,Postpaid,564,N,2026-09-19 19:00:00
C1061,T04,Premium,206,N,2026-09-06 00:32:00
C1062,T08,Postpaid,298,N,2026-09-23 09:23:00
C1063,T04,Prepaid,175,Y,2026-09-25 08:19:00
C1064,T01,Prepaid,124,N,2026-09-06 16:34:00
C1065,T08,Postpaid,258,N,2026-09-01 16:05:00
C1066,T08,Prepaid,450,N,2026-09-23 16:22:00
C1067,T06,Prepaid,830,Y,2026-09-04 15:37:00
C1068,T03,Prepaid,814,N,2026-09-25 17:18:00
C1069,T08,Prepaid,881,N,2026-09-18 08:47:00
C1070,T01,Prepaid,806,N,2026-09-18 12:18:00
C1071,T08,Prepaid,54,N,2026-09-05 06:37:00
C1072,T09,Postpaid,233,N,2026-09-15 04:54:00
C1073,T06,Prepaid,765,Y,2026-09-26 00:17:00
C1074,T09,Prepaid,512,N,2026-09-10 01:03:00
C1075,T06,Premium,702,N,2026-09-06 03:20:00
C1076,T04,Postpaid,352,Y,2026-09-13 13:34:00
C1077,T10,Prepaid,828,N,2026-09-02 21:52:00
C1078,T10,Postpaid,506,N,2026-09-08 01:17:00
C1079,T06,Postpaid,274,N,2026-09-05 03:50:00
C1080,T10,Prepaid,797,N,2026-09-03 17:17:00
C1081,T06,Postpaid,738,N,2026-09-05 21:18:00
C1082,T03,Prepaid,344,N,2026-09-30 08:07:00
C1083,T06,Postpaid,469,N,2026-09-01 23:19:00
C1084,T07,Prepaid,157,N,2026-09-02 19:07:00
C1085,T08,Postpaid,592,N,2026-09-23 07:18:00
C1086,T04,Postpaid,576,N,2026-09-22 07:36:00
C1087,T05,Premium,633,N,2026-09-26 05:41:00
C1088,T03,Prepaid,178,N,2026-09-12 23:38:00
C1089,T09,Prepaid,20,N,2026-09-24 00:38:00
C1090,T07,Postpaid,39,N,2026-09-17 13:40:00
C1091,T10,Prepaid,758,Y,2026-09-25 12:41:00
C1092,T07,Prepaid,719,N,2026-09-26 02:20:00
C1093,T03,Postpaid,350,N,2026-09-15 15:44:00
C1094,T02,Prepaid,694,Y,2026-09-06 21:44:00
C1095,T03,Premium,226,N,2026-09-09 17:17:00
C1096,T02,Prepaid,677,N,2026-09-30 22:37:00
C1097,T08,Prepaid,738,N,2026-09-03 05:36:00
C1098,T06,Prepaid,755,Y,2026-09-10 11:59:00
C1099,T08,Premium,872,Y,2026-09-30 01:52:00
C1100,T01,Prepaid,781,N,2026-09-19 22:19:00
C1101,T06,Postpaid,79,N,2026-09-13 02:20:00
C1102,T09,Prepaid,92,N,2026-09-04 13:07:00
C1103,T04,Premium,119,N,2026-09-11 12:19:00
C1104,T09,Prepaid,217,N,2026-09-12 07:42:00
C1105,T10,Postpaid,203,N,2026-09-26 09:38:00
C1106,T07,Postpaid,804,N,2026-09-17 06:59:00
C1107,T08,Postpaid,457,N,2026-09-08 14:12:00
C1108,T03,Prepaid,536,N,2026-09-08 04:46:00
C1109,T09,Premium,473,N,2026-09-15 08:13:00
C1110,T09,Premium,352,N,2026-09-19 18:23:00
C1111,T07,Postpaid,351,N,2026-09-26 15:06:00
C1112,T09,Prepaid,804,N,2026-09-12 13:31:00
C1113,T06,Premium,478,N,2026-09-01 00:12:00
C1114,T01,Premium,630,Y,2026-09-07 03:32:00
C1115,T05,Prepaid,247,N,2026-09-15 07:57:00
C1116,T01,Postpaid,726,N,2026-09-26 04:44:00
C1117,T09,Postpaid,605,N,2026-09-02 17:13:00
C1118,T08,Prepaid,161,N,2026-09-27 11:52:00
C1119,T04,Prepaid,850,N,2026-09-26 23:07:00
C1120,T07,Postpaid,242,N,2026-09-15 18:39:00
C1121,T08,Prepaid,865,N,2026-09-27 05:23:00
C1122,T02,Postpaid,327,Y,2026-09-27 05:27:00
C1123,T07,Prepaid,77,N,2026-09-16 05:14:00
C1124,T06,Premium,464,N,2026-09-06 11:39:00
C1125,T04,Postpaid,889,N,2026-09-01 12:29:00
C1126,T07,Prepaid,556,Y,2026-09-25 13:44:00
C1127,T10,Prepaid,534,N,2026-09-07 23:19:00
C1128,T01,Postpaid,422,N,2026-09-28 02:02:00
C1129,T10,Prepaid,247,N,2026-09-18 22:42:00
C1130,T03,Prepaid,104,N,2026-09-03 05:51:00
C1131,T09,Prepaid,107,N,2026-09-20 18:34:00
C1132,T03,Postpaid,512,N,2026-09-23 04:52:00
C1133,T07,Postpaid,220,N,2026-09-24 20:37:00
C1134,T04,Prepaid,292,N,2026-09-15 17:15:00
C1135,T10,Prepaid,707,N,2026-09-17 14:58:00
C1136,T06,Prepaid,372,N,2026-09-02 02:26:00
C1137,T05,Prepaid,378,N,2026-09-21 03:00:00
C1138,T10,Prepaid,65,N,2026-09-11 15:01:00
C1139,T04,Postpaid,179,N,2026-09-04 21:43:00
C1140,T02,Postpaid,268,N,2026-09-07 17:18:00
C1141,T05,Prepaid,730,N,2026-09-14 21:16:00
C1142,T08,Prepaid,359,N,2026-09-25 11:38:00
C1143,T04,Prepaid,555,N,2026-09-25 23:26:00
C1144,T08,Postpaid,164,N,2026-09-01 20:05:00
C1145,T07,Postpaid,699,N,2026-09-12 15:01:00
C1146,T03,Prepaid,225,N,2026-09-29 02:58:00
C1147,T05,Prepaid,690,N,2026-09-04 00:44:00
C1148,T07,Postpaid,698,N,2026-09-17 09:27:00
C1149,T02,Prepaid,684,N,2026-09-18 07:49:00
C1150,T09,Premium,121,N,2026-09-23 01:22:00
C1151,T10,Prepaid,210,N,2026-09-21 20:14:00
C1152,T09,Premium,42,Y,2026-09-25 02:15:00
C1153,T05,Prepaid,422,N,2026-09-01 20:04:00
C1154,T06,Postpaid,383,N,2026-09-11 17:59:00
C1155,T09,Prepaid,83,N,2026-09-18 14:53:00
C1156,T01,Premium,306,N,2026-09-16 13:19:00
C1157,T07,Postpaid,109,N,2026-09-24 16:45:00
C1158,T10,Premium,722,N,2026-09-11 22:32:00
C1159,T10,Prepaid,339,N,2026-09-15 23:40:00
C1160,T08,Prepaid,231,N,2026-09-27 10:38:00
C1161,T09,Postpaid,227,N,2026-09-15 01:30:00
C1162,T09,Premium,460,N,2026-09-07 14:32:00
C1163,T10,Premium,345,Y,2026-09-25 06:08:00
C1164,T02,Prepaid,879,N,2026-09-02 08:12:00
C1165,T06,Premium,443,N,2026-09-14 19:20:00
C1166,T08,Postpaid,861,N,2026-09-13 11:03:00
C1167,T03,Postpaid,129,N,2026-09-02 04:36:00
C1168,T10,Postpaid,640,N,2026-09-11 12:13:00
C1169,T10,Prepaid,723,Y,2026-09-04 14:48:00
C1170,T08,Prepaid,886,N,2026-09-30 13:30:00
C1171,T06,Prepaid,416,N,2026-09-07 06:12:00
C1172,T03,Prepaid,53,N,2026-09-01 16:23:00
C1173,T05,Premium,247,N,2026-09-10 05:32:00
C1174,T04,Prepaid,469,N,2026-09-23 07:08:00
C1175,T06,Premium,272,N,2026-09-02 21:41:00
C1176,T10,Postpaid,409,N,2026-09-18 22:31:00
C1177,T10,Premium,605,N,2026-09-24 21:41:00
C1178,T01,Prepaid,482,N,2026-09-02 22:19:00
C1179,T04,Prepaid,425,N,2026-09-02 18:52:00
C1180,T09,Prepaid,803,N,2026-09-03 05:50:00
C1181,T04,Prepaid,427,N,2026-09-14 00:17:00
C1182,T08,Prepaid,321,N,2026-09-03 11:34:00
C1183,T09,Premium,494,N,2026-09-21 13:22:00
C1184,T02,Postpaid,135,N,2026-09-27 15:27:00
C1185,T09,Prepaid,443,N,2026-09-02 03:12:00
C1186,T03,Prepaid,749,N,2026-09-21 16:38:00
C1187,T02,Prepaid,728,N,2026-09-08 11:07:00
C1188,T02,Prepaid,743,N,2026-09-17 12:25:00
C1189,T02,Prepaid,413,N,2026-09-24 06:52:00
C1190,T10,Premium,407,N,2026-09-02 23:57:00
C1191,T03,Premium,599,N,2026-09-07 19:56:00
C1192,T03,Premium,203,N,2026-09-03 08:02:00
C1193,T07,Prepaid,767,N,2026-09-21 07:25:00
C1194,T05,Postpaid,140,N,2026-09-10 05:34:00
C1195,T01,Postpaid,279,Y,2026-09-23 15:32:00
C1196,T08,Prepaid,25,N,2026-09-23 10:59:00
C1197,T04,Prepaid,695,N,2026-09-19 15:59:00
C1198,T08,Prepaid,634,Y,2026-09-25 21:50:00
C1199,T05,Postpaid,590,N,2026-09-10 10:47:00
C1200,T01,Prepaid,76,N,2026-09-02 16:06:00
C1201,T03,Premium,703,N,2026-09-28 10:56:00
C1202,T05,Prepaid,109,Y,2026-09-19 23:25:00
C1203,T03,Prepaid,311,N,2026-09-28 01:51:00
C1204,T10,Postpaid,201,N,2026-09-27 08:23:00
C1205,T06,Premium,115,N,2026-09-15 16:36:00
C1206,T06,Premium,859,Y,2026-09-20 10:45:00
C1207,T09,Prepaid,502,N,2026-09-13 11:44:00
C1208,T06,Prepaid,557,N,2026-09-10 12:20:00
C1209,T10,Prepaid,605,N,2026-09-29 15:00:00
C1210,T09,Premium,515,N,2026-09-28 12:34:00
C1211,T05,Prepaid,888,N,2026-09-24 21:52:00
C1212,T10,Premium,382,N,2026-09-28 22:58:00
C1213,T10,Prepaid,766,N,2026-09-23 09:56:00
C1214,T03,Premium,258,N,2026-09-09 19:24:00
C1215,T01,Prepaid,496,N,2026-09-06 08:48:00
C1216,T04,Postpaid,444,N,2026-09-16 04:35:00
C1217,T06,Postpaid,672,N,2026-09-30 03:43:00
C1218,T04,Postpaid,280,N,2026-09-15 00:10:00
C1219,T05,Prepaid,351,N,2026-09-06 04:20:00
C1220,T06,Prepaid,761,N,2026-09-02 07:48:00
C1221,T03,Prepaid,873,N,2026-09-22 19:18:00
C1222,T08,Postpaid,681,N,2026-09-08 01:43:00
C1223,T08,Premium,569,N,2026-09-22 01:08:00
C1224,T07,Premium,77,N,2026-09-14 14:57:00
C1225,T10,Postpaid,343,N,2026-09-01 20:26:00
C1226,T04,Postpaid,359,N,2026-09-17 02:13:00
C1227,T02,Premium,307,N,2026-09-16 10:26:00
C1228,T07,Postpaid,882,N,2026-09-28 13:34:00
C1229,T07,Prepaid,139,N,2026-09-15 00:43:00
C1230,T06,Postpaid,298,N,2026-09-23 14:54:00
C1231,T04,Prepaid,869,N,2026-09-10 20:04:00
C1232,T09,Prepaid,134,N,2026-09-02 16:50:00
C1233,T04,Premium,474,N,2026-09-22 23:11:00
C1234,T09,Prepaid,368,N,2026-09-24 19:56:00
C1235,T05,Postpaid,166,N,2026-09-05 11:19:00
C1236,T09,Postpaid,155,N,2026-09-02 15:55:00
C1237,T08,Prepaid,554,N,2026-09-15 03:40:00
C1238,T01,Postpaid,628,N,2026-09-16 04:02:00
C1239,T08,Premium,125,N,2026-09-30 23:47:00
C1240,T05,Prepaid,796,N,2026-09-10 13:12:00
C1241,T06,Prepaid,313,N,2026-09-15 12:35:00
C1242,T08,Postpaid,299,N,2026-09-13 10:53:00
C1243,T02,Prepaid,657,N,2026-09-05 15:49:00
C1244,T04,Prepaid,582,N,2026-09-07 10:37:00
C1245,T05,Postpaid,195,N,2026-09-28 21:50:00
C1246,T06,Prepaid,71,N,2026-09-22 10:10:00
C1247,T01,Prepaid,75,N,2026-09-18 20:04:00
C1248,T03,Postpaid,626,N,2026-09-21 06:58:00
C1249,T10,Prepaid,360,N,2026-09-25 06:42:00
C1250,T02,Premium,793,N,2026-09-26 20:10:00
C1251,T03,Prepaid,841,N,2026-09-22 07:28:00
C1252,T02,Prepaid,720,N,2026-09-22 04:20:00
C1253,T08,Prepaid,249,N,2026-09-29 01:51:00
C1254,T05,Premium,421,N,2026-09-16 00:48:00
C1255,T06,Prepaid,50,Y,2026-09-06 03:18:00
C1256,T06,Prepaid,886,N,2026-09-16 20:46:00
C1257,T10,Postpaid,540,N,2026-09-05 20:51:00
C1258,T06,Postpaid,92,N,2026-09-25 05:54:00
C1259,T08,Prepaid,443,N,2026-09-12 02:10:00
C1260,T09,Prepaid,513,N,2026-09-16 12:09:00
C1261,T04,Postpaid,625,N,2026-09-20 19:31:00
C1262,T10,Postpaid,577,N,2026-09-08 21:03:00
C1263,T02,Postpaid,748,N,2026-09-23 03:31:00
C1264,T02,Postpaid,494,N,2026-09-05 10:39:00
C1265,T08,Prepaid,435,Y,2026-09-05 22:46:00
C1266,T10,Postpaid,408,N,2026-09-30 08:30:00
C1267,T01,Prepaid,856,N,2026-09-27 10:21:00
C1268,T01,Postpaid,696,N,2026-09-25 04:16:00
C1269,T05,Prepaid,611,N,2026-09-10 08:38:00
C1270,T06,Prepaid,833,N,2026-09-14 20:38:00
C1271,T07,Postpaid,372,N,2026-09-27 12:29:00
C1272,T01,Postpaid,542,N,2026-09-06 19:19:00
C1273,T05,Prepaid,582,N,2026-09-01 00:55:00
C1274,T09,Postpaid,387,N,2026-09-13 20:14:00
C1275,T01,Prepaid,739,N,2026-09-29 10:54:00
C1276,T06,Postpaid,435,N,2026-09-25 19:24:00
C1277,T04,Postpaid,506,N,2026-09-26 06:40:00
C1278,T07,Postpaid,388,N,2026-09-08 00:30:00
C1279,T05,Premium,706,N,2026-09-01 12:40:00
C1280,T02,Postpaid,167,N,2026-09-23 03:36:00
C1281,T07,Premium,159,N,2026-09-30 05:30:00
C1282,T07,Premium,827,N,2026-09-20 08:58:00
C1283,T10,Prepaid,541,N,2026-09-21 11:34:00
C1284,T07,Prepaid,210,N,2026-09-01 08:06:00
C1285,T10,Prepaid,768,N,2026-09-23 20:01:00
C1286,T05,Prepaid,579,N,2026-09-02 12:32:00
C1287,T01,Postpaid,741,N,2026-09-27 09:48:00
C1288,T08,Premium,101,N,2026-09-24 22:58:00
C1289,T05,Prepaid,100,N,2026-09-28 18:21:00
C1290,T02,Prepaid,665,N,2026-09-04 13:17:00
C1291,T09,Postpaid,339,N,2026-09-16 15:14:00
C1292,T09,Postpaid,500,N,2026-09-22 08:31:00
C1293,T10,Postpaid,451,N,2026-09-14 09:48:00
C1294,T05,Prepaid,731,N,2026-09-14 20:07:00
C1295,T10,Prepaid,664,N,2026-09-08 16:40:00
C1296,T10,Prepaid,318,N,2026-09-29 09:55:00
C1297,T01,Prepaid,104,N,2026-09-04 11:57:00
C1298,T05,Prepaid,650,N,2026-09-12 16:39:00
C1299,T01,Postpaid,638,N,2026-09-27 22:22:00
C1300,T03,Postpaid,398,N,2026-09-12 21:21:00
C1301,T04,Prepaid,838,N,2026-09-02 12:08:00
C1302,T06,Premium,168,N,2026-09-08 00:22:00
C1303,T08,Postpaid,442,N,2026-09-11 19:54:00
C1304,T08,Postpaid,191,N,2026-09-16 16:54:00
C1305,T01,Postpaid,793,N,2026-09-03 09:22:00
C1306,T03,Prepaid,507,N,2026-09-25 05:39:00
C1307,T04,Prepaid,742,N,2026-09-12 22:51:00
C1308,T03,Prepaid,465,Y,2026-09-21 10:13:00
C1309,T07,Postpaid,562,N,2026-09-02 20:48:00
C1310,T02,Premium,672,N,2026-09-20 15:37:00
C1311,T10,Premium,898,N,2026-09-13 07:16:00
C1312,T05,Postpaid,281,N,2026-09-18 19:14:00
C1313,T08,Postpaid,787,N,2026-09-27 19:02:00
C1314,T04,Prepaid,713,N,2026-09-09 04:31:00
C1315,T06,Prepaid,708,Y,2026-09-04 02:13:00
C1316,T01,Prepaid,557,N,2026-09-21 07:05:00
C1317,T06,Prepaid,310,N,2026-09-02 13:10:00
C1318,T01,Postpaid,78,N,2026-09-30 21:11:00
C1319,T04,Premium,673,N,2026-09-06 11:02:00
C1320,T02,Premium,153,N,2026-09-30 11:41:00
C1321,T10,Postpaid,209,N,2026-09-09 09:15:00
C1322,T05,Prepaid,696,N,2026-09-30 01:43:00
C1323,T08,Premium,303,N,2026-09-15 17:14:00
C1324,T05,Prepaid,95,N,2026-09-03 20:08:00
C1325,T07,Prepaid,81,N,2026-09-13 01:05:00
C1326,T03,Prepaid,523,N,2026-09-10 03:11:00
C1327,T10,Prepaid,680,N,2026-09-07 13:08:00
C1328,T09,Postpaid,243,N,2026-09-05 20:03:00
C1329,T08,Postpaid,125,Y,2026-09-04 04:54:00
C1330,T10,Postpaid,815,N,2026-09-23 15:37:00
C1331,T03,Postpaid,20,N,2026-09-18 18:30:00
C1332,T05,Prepaid,357,N,2026-09-27 03:39:00
C1333,T01,Prepaid,809,N,2026-09-20 20:17:00
C1334,T07,Postpaid,819,N,2026-09-04 04:34:00
C1335,T09,Prepaid,413,N,2026-09-22 22:32:00
C1336,T02,Postpaid,387,N,2026-09-14 18:46:00
C1337,T07,Prepaid,682,Y,2026-09-25 07:57:00
C1338,T06,Prepaid,490,N,2026-09-14 04:42:00
C1339,T04,Prepaid,60,N,2026-09-09 16:37:00
C1340,T05,Postpaid,129,N,2026-09-17 08:24:00
C1341,T08,Prepaid,667,N,2026-09-09 14:56:00
C1342,T03,Prepaid,45,N,2026-09-27 23:39:00
C1343,T04,Prepaid,84,N,2026-09-30 06:46:00
C1344,T05,Prepaid,874,N,2026-09-01 17:55:00
C1345,T01,Prepaid,365,N,2026-09-02 22:45:00
C1346,T07,Prepaid,846,N,2026-09-24 19:23:00
C1347,T08,Premium,569,N,2026-09-27 08:48:00
C1348,T04,Premium,57,N,2026-09-23 06:00:00
C1349,T01,Prepaid,653,Y,2026-09-30 12:38:00
C1350,T03,Prepaid,667,Y,2026-09-14 23:41:00
C1351,T02,Prepaid,194,N,2026-09-03 21:51:00
C1352,T02,Prepaid,629,N,2026-09-11 00:55:00
C1353,T02,Postpaid,456,N,2026-09-19 07:06:00
C1354,T06,Prepaid,720,N,2026-09-07 06:00:00
C1355,T06,Postpaid,832,N,2026-09-03 01:47:00
C1356,T10,Prepaid,84,N,2026-09-07 10:16:00
C1357,T07,Prepaid,398,N,2026-09-20 23:08:00
C1358,T04,Premium,61,N,2026-09-29 18:31:00
C1359,T10,Prepaid,181,Y,2026-09-23 03:53:00
C1360,T02,Prepaid,203,N,2026-09-30 15:53:00
C1361,T10,Premium,446,N,2026-09-22 15:55:00
C1362,T03,Prepaid,675,N,2026-09-21 11:58:00
C1363,T07,Prepaid,198,N,2026-09-02 17:05:00
C1364,T10,Prepaid,531,N,2026-09-05 00:08:00
C1365,T05,Prepaid,24,N,2026-09-09 17:36:00
C1366,T02,Premium,117,N,2026-09-25 13:31:00
C1367,T09,Prepaid,808,N,2026-09-10 11:18:00
C1368,T05,Prepaid,135,N,2026-09-22 14:11:00
C1369,T08,Prepaid,706,N,2026-09-03 11:00:00
C1370,T06,Prepaid,465,N,2026-09-29 01:43:00
C1371,T08,Prepaid,778,Y,2026-09-25 10:56:00
C1372,T03,Prepaid,49,N,2026-09-06 06:46:00
C1373,T02,Premium,758,N,2026-09-27 09:15:00
C1374,T06,Prepaid,785,N,2026-09-15 19:44:00
C1375,T04,Postpaid,353,N,2026-09-11 18:59:00
C1376,T07,Premium,404,N,2026-09-04 08:18:00
C1377,T08,Postpaid,75,N,2026-09-07 14:18:00
C1378,T04,Premium,485,N,2026-09-17 23:56:00
C1379,T03,Prepaid,218,N,2026-09-13 06:34:00
C1380,T04,Prepaid,52,N,2026-09-03 17:09:00
C1381,T05,Prepaid,892,N,2026-09-20 00:48:00
C1382,T03,Postpaid,245,N,2026-09-28 11:19:00
C1383,T03,Postpaid,673,N,2026-09-08 17:36:00
C1384,T10,Premium,895,N,2026-09-19 17:40:00
C1385,T09,Prepaid,241,N,2026-09-22 01:27:00
C1386,T05,Prepaid,458,N,2026-09-12 05:24:00
C1387,T04,Prepaid,613,N,2026-09-27 22:22:00
C1388,T03,Premium,25,N,2026-09-03 00:18:00
C1389,T01,Premium,771,N,2026-09-02 12:43:00
C1390,T07,Prepaid,510,N,2026-09-05 11:02:00
C1391,T08,Prepaid,105,N,2026-09-01 13:34:00
C1392,T07,Premium,155,N,2026-09-11 21:07:00
C1393,T02,Prepaid,705,N,2026-09-21 21:39:00
C1394,T10,Postpaid,44,N,2026-09-22 02:33:00
C1395,T03,Premium,435,N,2026-09-17 20:35:00
C1396,T08,Postpaid,21,N,2026-09-04 05:13:00
C1397,T07,Premium,360,N,2026-09-14 11:57:00
C1398,T07,Postpaid,734,N,2026-09-25 16:29:00
C1399,T10,Postpaid,826,N,2026-09-29 05:42:00
C1400,T06,Postpaid,76,N,2026-09-17 13:34:00
C1401,T01,Prepaid,394,N,2026-09-02 20:38:00
C1402,T06,Prepaid,683,N,2026-09-04 01:11:00
C1403,T09,Postpaid,229,N,2026-09-16 05:49:00
C1404,T04,Prepaid,684,N,2026-09-27 09:38:00
C1405,T04,Postpaid,799,N,2026-09-17 01:15:00
C1406,T05,Prepaid,453,N,2026-09-03 21:12:00
C1407,T06,Prepaid,517,N,2026-09-06 14:01:00
C1408,T08,Postpaid,714,N,2026-09-14 07:13:00
C1409,T08,Postpaid,839,N,2026-09-03 23:40:00
C1410,T04,Premium,488,N,2026-09-18 18:43:00
C1411,T03,Prepaid,98,N,2026-09-13 13:24:00
C1412,T02,Postpaid,528,N,2026-09-10 07:06:00
C1413,T09,Premium,43,N,2026-09-25 15:23:00
C1414,T03,Prepaid,450,N,2026-09-30 08:10:00
C1415,T01,Prepaid,84,Y,2026-09-11 13:45:00
C1416,T09,Postpaid,441,N,2026-09-30 20:15:00
C1417,T06,Prepaid,701,N,2026-09-25 23:04:00
C1418,T08,Prepaid,600,N,2026-09-14 22:46:00
C1419,T03,Postpaid,252,N,2026-09-14 02:43:00
C1420,T01,Prepaid,311,N,2026-09-08 13:42:00
C1421,T10,Premium,748,N,2026-09-09 07:05:00
C1422,T03,Postpaid,729,N,2026-09-07 23:38:00
C1423,T03,Prepaid,62,N,2026-09-27 03:32:00
C1424,T03,Prepaid,398,N,2026-09-26 14:23:00
C1425,T01,Postpaid,372,N,2026-09-21 09:48:00
C1426,T09,Premium,566,N,2026-09-02 03:13:00
C1427,T07,Premium,806,N,2026-09-21 20:18:00
C1428,T06,Prepaid,776,N,2026-09-24 02:13:00
C1429,T06,Postpaid,322,N,2026-09-14 04:34:00
C1430,T10,Postpaid,838,N,2026-09-21 02:53:00
C1431,T06,Postpaid,769,N,2026-09-02 19:46:00
C1432,T03,Postpaid,139,N,2026-09-19 06:41:00
C1433,T10,Postpaid,476,N,2026-09-15 20:28:00
C1434,T01,Postpaid,219,N,2026-09-11 02:38:00
C1435,T05,Prepaid,105,N,2026-09-21 06:33:00
C1436,T02,Premium,423,N,2026-09-15 11:04:00
C1437,T10,Postpaid,77,N,2026-09-17 10:22:00
C1438,T07,Prepaid,894,N,2026-09-18 13:44:00
C1439,T06,Prepaid,373,N,2026-09-21 06:41:00
C1440,T09,Prepaid,765,N,2026-09-19 21:57:00
C1441,T08,Prepaid,845,N,2026-09-20 06:56:00
C1442,T07,Prepaid,621,N,2026-09-07 12:53:00
C1443,T04,Prepaid,557,N,2026-09-04 00:12:00
C1444,T10,Postpaid,110,Y,2026-09-30 01:44:00
C1445,T05,Prepaid,589,N,2026-09-26 20:18:00
C1446,T03,Prepaid,872,N,2026-09-26 04:58:00
C1447,T08,Prepaid,866,N,2026-09-27 15:12:00
C1448,T05,Prepaid,777,N,2026-09-02 05:18:00
C1449,T01,Prepaid,327,N,2026-09-29 23:17:00
C1450,T08,Prepaid,701,N,2026-09-19 23:38:00
C1451,T03,Prepaid,724,N,2026-09-02 07:04:00
C1452,T02,Postpaid,524,N,2026-09-04 00:52:00
C1453,T10,Postpaid,615,N,2026-09-20 20:18:00
C1454,T05,Postpaid,507,N,2026-09-06 10:37:00
C1455,T06,Prepaid,609,Y,2026-09-12 19:29:00
C1456,T03,Postpaid,169,N,2026-09-07 03:59:00
C1457,T06,Prepaid,299,N,2026-09-29 22:57:00
C1458,T06,Prepaid,318,N,2026-09-04 11:54:00
C1459,T09,Prepaid,663,N,2026-09-05 07:13:00
C1460,T10,Postpaid,576,N,2026-09-15 09:23:00
C1461,T05,Prepaid,734,N,2026-09-05 08:40:00
C1462,T09,Postpaid,863,N,2026-09-07 05:35:00
C1463,T09,Prepaid,817,N,2026-09-16 11:42:00
C1464,T03,Prepaid,178,N,2026-09-09 13:48:00
C1465,T09,Postpaid,871,N,2026-09-25 05:11:00
C1466,T09,Postpaid,841,N,2026-09-21 22:58:00
C1467,T02,Prepaid,154,N,2026-09-22 19:45:00
C1468,T06,Prepaid,391,N,2026-09-21 02:42:00
C1469,T10,Prepaid,370,N,2026-09-14 20:47:00
C1470,T01,Postpaid,141,N,2026-09-07 11:29:00
C1471,T04,Prepaid,234,N,2026-09-04 13:51:00
C1472,T07,Postpaid,822,N,2026-09-01 20:32:00
C1473,T08,Postpaid,63,N,2026-09-02 11:49:00
C1474,T09,Postpaid,500,N,2026-09-12 12:21:00
C1475,T01,Prepaid,703,Y,2026-09-05 09:24:00
C1476,T02,Premium,230,N,2026-09-10 02:28:00
C1477,T03,Postpaid,49,N,2026-09-13 14:58:00
C1478,T10,Prepaid,184,N,2026-09-28 21:30:00
C1479,T04,Prepaid,89,N,2026-09-27 07:28:00
C1480,T01,Prepaid,752,N,2026-09-13 19:51:00
C1481,T03,Premium,570,Y,2026-09-05 11:47:00
C1482,T04,Premium,891,N,2026-09-17 16:16:00
C1483,T10,Prepaid,709,N,2026-09-09 05:32:00
C1484,T06,Premium,454,N,2026-09-11 08:32:00
C1485,T07,Prepaid,341,N,2026-09-06 00:29:00
C1486,T09,Prepaid,800,N,2026-09-14 02:52:00
C1487,T09,Postpaid,104,N,2026-09-06 06:23:00
C1488,T07,Prepaid,634,N,2026-09-21 04:55:00
C1489,T04,Postpaid,317,N,2026-09-20 11:26:00
C1490,T04,Premium,881,N,2026-09-17 17:20:00
C1491,T03,Prepaid,710,N,2026-09-05 18:52:00
C1492,T07,Prepaid,694,N,2026-09-06 10:13:00
C1493,T03,Prepaid,731,N,2026-09-05 15:06:00
C1494,T03,Prepaid,223,N,2026-09-28 01:51:00
C1495,T07,Prepaid,878,N,2026-09-23 17:09:00
C1496,T05,Postpaid,804,N,2026-09-13 10:09:00
C1497,T07,Prepaid,702,N,2026-09-19 09:45:00
C1498,T08,Prepaid,170,N,2026-09-05 22:00:00
C1499,T02,Prepaid,529,N,2026-09-07 03:01:00
C1500,T01,Prepaid,74,N,2026-09-23 16:05:00
C1501,T01,Premium,411,N,2026-09-15 21:07:00
C1502,T03,Prepaid,658,Y,2026-09-04 11:34:00
C1503,T09,Postpaid,831,N,2026-09-14 08:38:00
C1504,T08,Prepaid,287,N,2026-09-25 14:24:00
C1505,T09,Prepaid,802,Y,2026-09-20 14:07:00
C1506,T02,Prepaid,342,N,2026-09-21 03:23:00
C1507,T08,Prepaid,201,N,2026-09-14 19:00:00
C1508,T03,Prepaid,157,N,2026-09-18 16:58:00
C1509,T08,Postpaid,602,N,2026-09-26 04:52:00
C1510,T09,Postpaid,507,N,2026-09-08 02:43:00
C1511,T09,Prepaid,289,N,2026-09-18 04:39:00
C1512,T10,Postpaid,804,N,2026-09-15 14:03:00
C1513,T01,Prepaid,66,N,2026-09-17 16:13:00
C1514,T06,Postpaid,617,Y,2026-09-29 10:50:00
C1515,T06,Prepaid,458,N,2026-09-17 06:20:00
C1516,T07,Prepaid,697,N,2026-09-11 16:16:00
C1517,T05,Postpaid,724,Y,2026-09-14 21:02:00
C1518,T02,Prepaid,40,N,2026-09-02 16:49:00
C1519,T08,Postpaid,452,N,2026-09-20 04:01:00
C1520,T05,Prepaid,500,N,2026-09-15 09:43:00
C1521,T07,Postpaid,350,N,2026-09-23 05:25:00
C1522,T02,Postpaid,230,N,2026-09-23 21:09:00
C1523,T06,Prepaid,326,N,2026-09-20 20:13:00
C1524,T04,Prepaid,887,N,2026-09-04 10:16:00
C1525,T09,Prepaid,291,Y,2026-09-27 02:26:00
C1526,T07,Postpaid,659,N,2026-09-05 04:26:00
C1527,T10,Prepaid,364,N,2026-09-26 18:41:00
C1528,T09,Prepaid,234,N,2026-09-04 11:44:00
C1529,T05,Prepaid,327,N,2026-09-25 13:46:00
C1530,T06,Prepaid,431,N,2026-09-24 10:55:00
C1531,T08,Postpaid,580,N,2026-09-01 20:19:00
C1532,T09,Premium,610,N,2026-09-22 06:24:00
C1533,T05,Premium,565,N,2026-09-20 17:44:00
C1534,T10,Postpaid,81,N,2026-09-17 13:53:00
C1535,T08,Prepaid,174,N,2026-09-14 15:58:00
C1536,T07,Prepaid,900,N,2026-09-03 22:22:00
C1537,T04,Postpaid,293,N,2026-09-30 09:39:00
C1538,T03,Prepaid,635,N,2026-09-11 20:29:00
C1539,T02,Prepaid,48,N,2026-09-15 03:11:00
C1540,T08,Prepaid,466,N,2026-09-02 16:25:00
C1541,T04,Prepaid,159,Y,2026-09-13 15:24:00
C1542,T09,Prepaid,892,Y,2026-09-23 02:40:00
C1543,T01,Prepaid,105,N,2026-09-14 13:28:00
C1544,T02,Premium,436,N,2026-09-30 22:05:00
C1545,T02,Prepaid,879,N,2026-09-07 09:31:00
C1546,T04,Prepaid,772,N,2026-09-06 11:46:00
C1547,T09,Postpaid,614,N,2026-09-24 21:43:00
C1548,T05,Prepaid,112,N,2026-09-06 13:33:00
C1549,T06,Prepaid,618,N,2026-09-11 17:42:00
C1550,T07,Prepaid,129,N,2026-09-13 11:52:00
C1551,T08,Prepaid,623,Y,2026-09-25 06:41:00
C1552,T06,Postpaid,135,N,2026-09-20 06:52:00
C1553,T08,Postpaid,304,N,2026-09-07 14:16:00
C1554,T06,Prepaid,396,N,2026-09-01 23:01:00
C1555,T10,Prepaid,777,N,2026-09-03 11:43:00
C1556,T04,Prepaid,413,N,2026-09-17 12:20:00
C1557,T02,Prepaid,262,N,2026-09-18 16:18:00
C1558,T01,Premium,422,N,2026-09-12 15:06:00
C1559,T05,Prepaid,862,N,2026-09-14 12:51:00
C1560,T04,Premium,184,N,2026-09-29 17:36:00
C1561,T06,Premium,805,N,2026-09-02 13:00:00
C1562,T05,Premium,862,N,2026-09-23 09:03:00
C1563,T08,Postpaid,881,N,2026-09-20 05:20:00
C1564,T02,Postpaid,735,N,2026-09-04 00:29:00
C1565,T06,Prepaid,766,N,2026-09-15 20:55:00
C1566,T08,Postpaid,800,Y,2026-09-30 04:47:00
C1567,T03,Postpaid,830,N,2026-09-01 03:21:00
C1568,T07,Prepaid,332,N,2026-09-04 17:49:00
C1569,T02,Prepaid,548,N,2026-09-30 13:04:00
C1570,T03,Postpaid,722,N,2026-09-15 12:52:00
C1571,T08,Prepaid,772,N,2026-09-08 21:29:00
C1572,T10,Postpaid,838,N,2026-09-04 20:11:00
C1573,T07,Prepaid,422,N,2026-09-26 23:01:00
C1574,T04,Prepaid,43,N,2026-09-30 10:48:00
C1575,T10,Postpaid,111,N,2026-09-10 00:33:00
C1576,T05,Postpaid,192,Y,2026-09-29 03:01:00
C1577,T07,Postpaid,172,N,2026-09-17 17:52:00
C1578,T03,Premium,140,Y,2026-09-24 22:21:00
C1579,T07,Postpaid,484,N,2026-09-23 11:44:00
C1580,T02,Prepaid,228,N,2026-09-13 02:45:00
C1581,T05,Postpaid,411,N,2026-09-10 09:40:00
C1582,T10,Prepaid,863,N,2026-09-09 14:50:00
C1583,T07,Prepaid,831,N,2026-09-14 04:58:00
C1584,T05,Prepaid,481,N,2026-09-17 19:44:00
C1585,T10,Postpaid,489,N,2026-09-22 08:08:00
C1586,T03,Premium,729,N,2026-09-10 15:47:00
C1587,T07,Postpaid,773,N,2026-09-04 07:47:00
C1588,T02,Postpaid,73,N,2026-09-11 16:30:00
C1589,T08,Premium,640,N,2026-09-28 05:25:00
C1590,T01,Prepaid,536,N,2026-09-14 18:25:00
C1591,T07,Postpaid,155,N,2026-09-26 11:11:00
C1592,T01,Postpaid,286,N,2026-09-23 10:18:00
C1593,T06,Premium,155,N,2026-09-25 03:21:00
C1594,T07,Prepaid,139,N,2026-09-06 19:40:00
C1595,T08,Premium,874,N,2026-09-17 09:51:00
C1596,T07,Prepaid,289,N,2026-09-13 00:05:00
C1597,T09,Prepaid,188,N,2026-09-23 08:36:00
C1598,T03,Postpaid,693,N,2026-09-21 00:35:00
C1599,T01,Prepaid,75,N,2026-09-02 15:10:00
C1600,T08,Prepaid,742,N,2026-09-06 06:43:00
C1601,T08,Prepaid,385,N,2026-09-26 12:36:00
C1602,T08,Prepaid,135,N,2026-09-07 17:42:00
C1603,T02,Prepaid,228,N,2026-09-09 05:19:00
C1604,T03,Postpaid,862,N,2026-09-27 15:42:00
C1605,T04,Postpaid,24,N,2026-09-26 23:27:00
C1606,T03,Prepaid,98,N,2026-09-23 16:04:00
C1607,T02,Premium,46,N,2026-09-06 13:14:00
C1608,T07,Prepaid,128,N,2026-09-07 23:57:00
C1609,T01,Prepaid,870,N,2026-09-22 20:07:00
C1610,T08,Postpaid,295,N,2026-09-01 06:20:00
C1611,T06,Premium,691,N,2026-09-21 14:54:00
C1612,T06,Premium,771,N,2026-09-26 21:40:00
C1613,T03,Prepaid,69,N,2026-09-13 21:03:00
C1614,T06,Postpaid,781,Y,2026-09-28 09:51:00
C1615,T07,Prepaid,281,N,2026-09-19 03:43:00
C1616,T02,Prepaid,233,N,2026-09-19 07:31:00
C1617,T05,Postpaid,689,N,2026-09-14 14:05:00
C1618,T08,Postpaid,773,N,2026-09-15 02:42:00
C1619,T10,Prepaid,701,Y,2026-09-17 17:21:00
C1620,T09,Prepaid,476,N,2026-09-22 16:23:00
C1621,T05,Postpaid,453,N,2026-09-20 05:31:00
C1622,T06,Postpaid,464,N,2026-09-05 05:31:00
C1623,T01,Prepaid,494,N,2026-09-30 11:21:00
C1624,T03,Premium,559,N,2026-09-24 21:05:00
C1625,T02,Prepaid,467,N,2026-09-22 17:40:00
C1626,T05,Prepaid,150,N,2026-09-14 16:07:00
C1627,T04,Prepaid,322,N,2026-09-26 01:49:00
C1628,T02,Premium,545,N,2026-09-20 08:07:00
C1629,T07,Prepaid,696,N,2026-09-12 12:45:00
C1630,T06,Prepaid,103,N,2026-09-01 17:46:00
C1631,T02,Postpaid,493,N,2026-09-09 07:01:00
C1632,T07,Prepaid,446,N,2026-09-14 13:06:00
C1633,T06,Postpaid,485,N,2026-09-21 11:27:00
C1634,T10,Postpaid,369,N,2026-09-09 12:27:00
C1635,T04,Prepaid,784,N,2026-09-12 19:14:00
C1636,T02,Prepaid,38,Y,2026-09-06 07:26:00
C1637,T01,Prepaid,508,N,2026-09-19 10:28:00
C1638,T10,Postpaid,330,N,2026-09-29 01:38:00
C1639,T06,Postpaid,726,N,2026-09-14 18:34:00
C1640,T02,Prepaid,34,N,2026-09-01 17:21:00
C1641,T04,Premium,234,N,2026-09-07 14:32:00
C1642,T04,Prepaid,661,N,2026-09-25 12:16:00
C1643,T04,Prepaid,808,N,2026-09-22 13:43:00
C1644,T07,Prepaid,190,N,2026-09-21 06:20:00
C1645,T08,Prepaid,900,N,2026-09-12 01:00:00
C1646,T04,Prepaid,869,N,2026-09-03 07:37:00
C1647,T06,Prepaid,665,N,2026-09-20 15:37:00
C1648,T07,Postpaid,774,N,2026-09-26 05:26:00
C1649,T05,Prepaid,429,N,2026-09-27 21:34:00
C1650,T10,Premium,856,N,2026-09-11 13:18:00
C1651,T01,Prepaid,452,N,2026-09-26 04:18:00
C1652,T02,Prepaid,683,N,2026-09-22 13:00:00
C1653,T02,Prepaid,681,N,2026-09-20 20:28:00
C1654,T01,Prepaid,763,N,2026-09-16 15:34:00
C1655,T08,Prepaid,244,N,2026-09-16 10:26:00
C1656,T10,Premium,752,N,2026-09-06 23:15:00
C1657,T05,Postpaid,419,N,2026-09-30 16:42:00
C1658,T06,Postpaid,838,N,2026-09-08 08:58:00
C1659,T10,Prepaid,727,N,2026-09-22 23:26:00
C1660,T03,Prepaid,180,N,2026-09-05 14:12:00
C1661,T07,Premium,525,N,2026-09-10 12:45:00
C1662,T09,Prepaid,38,N,2026-09-12 20:52:00
C1663,T06,Postpaid,198,N,2026-09-23 21:55:00
C1664,T01,Postpaid,365,N,2026-09-29 02:32:00
C1665,T04,Prepaid,249,N,2026-09-16 11:43:00
C1666,T06,Postpaid,808,N,2026-09-13 04:10:00
C1667,T03,Premium,547,N,2026-09-05 17:45:00
C1668,T01,Premium,468,N,2026-09-06 01:09:00
C1669,T02,Postpaid,644,N,2026-09-05 15:16:00
C1670,T09,Prepaid,127,N,2026-09-06 08:57:00
C1671,T04,Premium,180,N,2026-09-21 02:15:00
C1672,T09,Prepaid,121,N,2026-09-17 13:17:00
C1673,T06,Postpaid,145,N,2026-09-20 23:37:00
C1674,T07,Postpaid,26,N,2026-09-22 13:22:00
C1675,T06,Prepaid,195,N,2026-09-17 22:47:00
C1676,T07,Prepaid,700,N,2026-09-25 02:31:00
C1677,T07,Postpaid,161,N,2026-09-19 19:33:00
C1678,T07,Premium,892,N,2026-09-17 11:09:00
C1679,T01,Prepaid,808,Y,2026-09-24 13:04:00
C1680,T02,Prepaid,342,N,2026-09-08 11:29:00
C1681,T07,Prepaid,797,Y,2026-09-30 04:39:00
C1682,T03,Premium,79,N,2026-09-24 15:44:00
C1683,T05,Prepaid,717,N,2026-09-14 20:24:00
C1684,T06,Premium,28,N,2026-09-25 00:29:00
C1685,T10,Premium,737,N,2026-09-30 07:17:00
C1686,T04,Premium,659,N,2026-09-30 16:11:00
C1687,T08,Postpaid,851,N,2026-09-19 09:49:00
C1688,T04,Premium,106,Y,2026-09-16 05:21:00
C1689,T07,Postpaid,777,N,2026-09-24 16:29:00
C1690,T09,Prepaid,115,N,2026-09-15 05:03:00
C1691,T09,Prepaid,670,N,2026-09-02 06:27:00
C1692,T09,Postpaid,267,N,2026-09-14 19:59:00
C1693,T07,Premium,133,N,2026-09-17 23:23:00
C1694,T05,Postpaid,382,N,2026-09-30 15:01:00
C1695,T02,Prepaid,606,N,2026-09-21 14:57:00
C1696,T06,Premium,844,N,2026-09-27 11:15:00
C1697,T10,Postpaid,662,N,2026-09-28 02:29:00
C1698,T04,Prepaid,311,N,2026-09-27 01:36:00
C1699,T03,Postpaid,552,N,2026-09-05 18:56:00
C1700,T06,Prepaid,217,N,2026-09-17 10:36:00
C1701,T08,Prepaid,748,N,2026-09-19 18:04:00
C1702,T02,Prepaid,455,N,2026-09-22 16:11:00
C1703,T04,Prepaid,398,N,2026-09-19 07:54:00
C1704,T10,Postpaid,817,N,2026-09-13 00:01:00
C1705,T10,Prepaid,453,N,2026-09-23 06:42:00
C1706,T07,Postpaid,167,N,2026-09-23 01:29:00
C1707,T08,Prepaid,741,N,2026-09-25 01:57:00
C1708,T02,Postpaid,486,N,2026-09-08 03:18:00
C1709,T09,Prepaid,141,N,2026-09-19 14:19:00
C1710,T02,Prepaid,605,N,2026-09-24 19:00:00
C1711,T03,Prepaid,332,N,2026-09-14 19:14:00
C1712,T05,Prepaid,830,N,2026-09-27 20:01:00
C1713,T07,Prepaid,332,N,2026-09-10 19:28:00
C1714,T03,Postpaid,520,Y,2026-09-25 22:03:00
C1715,T06,Prepaid,65,N,2026-09-27 01:56:00
C1716,T05,Postpaid,365,N,2026-09-22 15:04:00
C1717,T10,Prepaid,161,N,2026-09-21 23:27:00
C1718,T08,Postpaid,172,N,2026-09-15 19:13:00
C1719,T02,Postpaid,700,N,2026-09-18 14:57:00
C1720,T04,Premium,367,N,2026-09-21 03:58:00
C1721,T05,Postpaid,189,N,2026-09-27 00:46:00
C1722,T05,Postpaid,146,N,2026-09-04 21:00:00
C1723,T04,Premium,574,N,2026-09-03 09:45:00
C1724,T10,Prepaid,788,N,2026-09-01 20:23:00
C1725,T02,Postpaid,564,N,2026-09-01 20:43:00
C1726,T05,Postpaid,271,N,2026-09-27 09:01:00
C1727,T08,Prepaid,566,N,2026-09-19 06:52:00
C1728,T10,Prepaid,43,N,2026-09-09 05:09:00
C1729,T07,Prepaid,560,N,2026-09-12 16:54:00
C1730,T02,Prepaid,121,N,2026-09-13 23:40:00
C1731,T03,Prepaid,806,Y,2026-09-14 23:06:00
C1732,T07,Postpaid,80,N,2026-09-15 19:18:00
C1733,T03,Prepaid,79,N,2026-09-05 11:51:00
C1734,T06,Prepaid,351,N,2026-09-06 12:07:00
C1735,T01,Prepaid,790,N,2026-09-11 18:18:00
C1736,T08,Prepaid,536,N,2026-09-06 05:41:00
C1737,T05,Prepaid,495,N,2026-09-03 23:29:00
C1738,T08,Prepaid,668,N,2026-09-01 20:20:00
C1739,T05,Postpaid,620,N,2026-09-12 05:02:00
C1740,T09,Postpaid,148,N,2026-09-19 12:16:00
C1741,T08,Prepaid,671,N,2026-09-07 11:30:00
C1742,T06,Prepaid,192,N,2026-09-25 11:07:00
C1743,T07,Premium,588,N,2026-09-01 01:05:00
C1744,T08,Premium,655,N,2026-09-08 14:49:00
C1745,T01,Prepaid,513,N,2026-09-12 10:02:00
C1746,T07,Premium,882,N,2026-09-27 15:08:00
C1747,T09,Prepaid,185,N,2026-09-26 15:02:00
C1748,T02,Prepaid,424,N,2026-09-07 08:32:00
C1749,T09,Premium,462,N,2026-09-23 23:23:00
C1750,T06,Premium,370,N,2026-09-21 14:29:00
C1751,T05,Prepaid,349,N,2026-09-21 22:13:00
C1752,T10,Prepaid,728,N,2026-09-01 02:14:00
C1753,T10,Prepaid,29,N,2026-09-19 19:17:00
C1754,T09,Premium,740,N,2026-09-18 21:01:00
C1755,T09,Prepaid,684,N,2026-09-25 12:20:00
C1756,T01,Premium,855,N,2026-09-06 14:48:00
C1757,T06,Premium,405,N,2026-09-17 06:59:00
C1758,T07,Prepaid,806,N,2026-09-01 09:12:00
C1759,T02,Prepaid,217,N,2026-09-11 01:57:00
C1760,T01,Postpaid,716,N,2026-09-17 06:50:00
C1761,T04,Prepaid,648,N,2026-09-11 01:33:00
C1762,T04,Premium,391,Y,2026-09-23 10:18:00
C1763,T10,Prepaid,220,N,2026-09-30 01:20:00
C1764,T07,Prepaid,304,N,2026-09-23 11:35:00
C1765,T03,Postpaid,695,N,2026-09-28 10:36:00
C1766,T10,Prepaid,622,N,2026-09-03 23:03:00
C1767,T03,Prepaid,603,N,2026-09-24 19:20:00
C1768,T05,Prepaid,714,Y,2026-09-25 06:06:00
C1769,T10,Prepaid,593,N,2026-09-01 02:08:00
C1770,T07,Postpaid,685,Y,2026-09-15 16:48:00
C1771,T07,Postpaid,436,N,2026-09-24 14:06:00
C1772,T08,Prepaid,549,N,2026-09-11 05:15:00
C1773,T01,Prepaid,450,N,2026-09-15 09:25:00
C1774,T01,Prepaid,362,N,2026-09-27 00:34:00
C1775,T01,Premium,251,N,2026-09-20 06:55:00
C1776,T02,Premium,221,N,2026-09-15 03:28:00
C1777,T02,Postpaid,119,Y,2026-09-20 15:48:00
C1778,T01,Postpaid,661,N,2026-09-12 09:30:00
C1779,T04,Prepaid,264,N,2026-09-03 11:27:00
C1780,T06,Prepaid,262,N,2026-09-28 07:19:00
C1781,T10,Prepaid,117,N,2026-09-27 08:21:00
C1782,T02,Prepaid,82,N,2026-09-18 04:12:00
C1783,T06,Premium,730,Y,2026-09-06 19:18:00
C1784,T01,Premium,472,Y,2026-09-28 19:05:00
C1785,T07,Prepaid,713,Y,2026-09-03 09:01:00
C1786,T05,Postpaid,431,N,2026-09-19 17:02:00
C1787,T04,Premium,826,N,2026-09-01 11:35:00
C1788,T08,Prepaid,834,N,2026-09-29 05:26:00
C1789,T10,Prepaid,686,N,2026-09-02 04:22:00
C1790,T08,Prepaid,621,N,2026-09-05 16:09:00
C1791,T01,Postpaid,89,N,2026-09-09 19:28:00
C1792,T10,Prepaid,541,N,2026-09-20 03:51:00
C1793,T08,Postpaid,475,N,2026-09-07 06:22:00
C1794,T01,Prepaid,339,N,2026-09-24 08:28:00
C1795,T06,Prepaid,574,N,2026-09-07 17:00:00
C1796,T08,Prepaid,371,N,2026-09-01 08:49:00
C1797,T09,Postpaid,714,N,2026-09-11 19:17:00
C1798,T09,Postpaid,592,N,2026-09-20 05:00:00
C1799,T06,Prepaid,225,N,2026-09-10 03:49:00
C1800,T02,Prepaid,703,N,2026-09-22 06:31:00
C1801,T10,Postpaid,892,N,2026-09-16 06:37:00
C1802,T10,Prepaid,356,N,2026-09-21 16:13:00
C1803,T01,Prepaid,23,N,2026-09-11 11:31:00
C1804,T08,Postpaid,264,N,2026-09-16 02:06:00
C1805,T07,Prepaid,208,N,2026-09-01 07:20:00
C1806,T06,Prepaid,386,Y,2026-09-06 05:49:00
C1807,T03,Prepaid,219,N,2026-09-17 09:07:00
C1808,T01,Premium,223,N,2026-09-08 22:12:00
C1809,T04,Premium,756,N,2026-09-26 05:40:00
C1810,T04,Prepaid,42,N,2026-09-12 21:56:00
C1811,T02,Prepaid,713,N,2026-09-30 19:17:00
C1812,T02,Prepaid,235,N,2026-09-11 22:18:00
C1813,T06,Postpaid,696,N,2026-09-24 23:32:00
C1814,T10,Premium,748,Y,2026-09-07 13:45:00
C1815,T03,Postpaid,216,N,2026-09-18 00:47:00
C1816,T06,Postpaid,671,N,2026-09-03 02:27:00
C1817,T10,Postpaid,894,N,2026-09-07 18:16:00
C1818,T06,Prepaid,664,N,2026-09-06 18:07:00
C1819,T09,Premium,520,N,2026-09-04 16:55:00
C1820,T08,Postpaid,649,Y,2026-09-24 03:32:00
C1821,T07,Postpaid,680,N,2026-09-18 00:47:00
C1822,T08,Prepaid,203,N,2026-09-18 00:22:00
C1823,T09,Postpaid,752,N,2026-09-22 13:28:00
C1824,T05,Postpaid,673,N,2026-09-27 13:51:00
C1825,T01,Prepaid,227,N,2026-09-11 16:00:00
C1826,T07,Prepaid,455,N,2026-09-27 00:05:00
C1827,T03,Premium,403,N,2026-09-04 20:34:00
C1828,T03,Postpaid,322,N,2026-09-17 00:00:00
C1829,T04,Postpaid,496,N,2026-09-16 07:24:00
C1830,T07,Prepaid,462,N,2026-09-23 15:26:00
C1831,T06,Prepaid,45,N,2026-09-11 15:21:00
C1832,T05,Postpaid,387,N,2026-09-14 09:41:00
C1833,T09,Prepaid,679,Y,2026-09-13 13:55:00
C1834,T04,Prepaid,93,N,2026-09-25 20:24:00
C1835,T04,Prepaid,711,N,2026-09-14 18:38:00
C1836,T05,Prepaid,638,N,2026-09-25 17:14:00
C1837,T05,Prepaid,326,N,2026-09-16 18:36:00
C1838,T07,Premium,861,N,2026-09-30 19:46:00
C1839,T01,Prepaid,544,N,2026-09-07 19:03:00
C1840,T07,Prepaid,760,N,2026-09-22 14:12:00
C1841,T04,Prepaid,824,N,2026-09-22 07:59:00
C1842,T08,Prepaid,107,N,2026-09-09 13:10:00
C1843,T07,Postpaid,734,N,2026-09-20 23:09:00
C1844,T08,Premium,50,N,2026-09-27 06:47:00
C1845,T03,Prepaid,775,Y,2026-09-30 23:38:00
C1846,T06,Prepaid,449,N,2026-09-19 08:35:00
C1847,T09,Prepaid,621,Y,2026-09-02 11:10:00
C1848,T03,Prepaid,358,N,2026-09-28 10:38:00
C1849,T10,Postpaid,420,N,2026-09-10 07:02:00
C1850,T07,Prepaid,415,N,2026-09-05 22:39:00
C1851,T06,Postpaid,482,N,2026-09-14 20:45:00
C1852,T02,Prepaid,711,N,2026-09-02 11:01:00
C1853,T10,Prepaid,211,N,2026-09-18 13:29:00
C1854,T05,Prepaid,318,N,2026-09-04 04:26:00
C1855,T08,Prepaid,550,Y,2026-09-15 20:55:00
C1856,T07,Prepaid,133,N,2026-09-20 01:01:00
C1857,T08,Postpaid,418,N,2026-09-10 09:31:00
C1858,T03,Premium,337,N,2026-09-22 14:35:00
C1859,T03,Postpaid,337,N,2026-09-23 20:50:00
C1860,T08,Prepaid,27,N,2026-09-21 06:51:00
C1861,T02,Postpaid,639,N,2026-09-24 22:22:00
C1862,T06,Premium,522,N,2026-09-27 05:17:00
C1863,T01,Postpaid,314,N,2026-09-21 18:24:00
C1864,T06,Postpaid,748,N,2026-09-18 19:10:00
C1865,T10,Postpaid,890,N,2026-09-12 08:07:00
C1866,T03,Premium,770,N,2026-09-18 12:09:00
C1867,T03,Postpaid,117,N,2026-09-02 23:41:00
C1868,T04,Premium,181,N,2026-09-29 14:02:00
C1869,T09,Prepaid,88,N,2026-09-10 21:18:00
C1870,T08,Prepaid,800,N,2026-09-17 18:45:00
C1871,T02,Postpaid,536,N,2026-09-15 20:05:00
C1872,T07,Prepaid,278,N,2026-09-03 00:45:00
C1873,T08,Prepaid,674,N,2026-09-22 00:31:00
C1874,T07,Prepaid,428,N,2026-09-19 01:16:00
C1875,T01,Prepaid,137,N,2026-09-07 05:04:00
C1876,T06,Postpaid,495,N,2026-09-04 02:31:00
C1877,T02,Prepaid,268,N,2026-09-20 22:06:00
C1878,T03,Prepaid,305,N,2026-09-08 18:19:00
C1879,T01,Postpaid,201,N,2026-09-25 07:59:00
C1880,T07,Prepaid,707,N,2026-09-13 10:27:00
C1881,T03,Prepaid,202,N,2026-09-02 13:37:00
C1882,T09,Prepaid,733,Y,2026-09-29 21:21:00
C1883,T09,Postpaid,753,N,2026-09-05 16:16:00
C1884,T07,Postpaid,474,Y,2026-09-01 05:05:00
C1885,T01,Postpaid,805,N,2026-09-12 08:44:00
C1886,T06,Premium,224,N,2026-09-20 04:35:00
C1887,T01,Premium,365,N,2026-09-03 21:00:00
C1888,T04,Premium,118,N,2026-09-08 15:22:00
C1889,T03,Prepaid,544,N,2026-09-15 21:19:00
C1890,T06,Postpaid,214,N,2026-09-25 15:41:00
C1891,T07,Premium,143,N,2026-09-05 19:39:00
C1892,T06,Prepaid,35,N,2026-09-15 09:25:00
C1893,T01,Prepaid,489,N,2026-09-30 22:40:00
C1894,T05,Postpaid,397,Y,2026-09-10 22:43:00
C1895,T07,Prepaid,633,N,2026-09-05 15:12:00
C1896,T09,Postpaid,890,N,2026-09-12 11:11:00
C1897,T02,Postpaid,666,N,2026-09-07 01:11:00
C1898,T06,Prepaid,799,N,2026-09-15 11:18:00
C1899,T08,Prepaid,38,N,2026-09-27 15:00:00
C1900,T08,Prepaid,675,N,2026-09-23 21:52:00
C1901,T10,Postpaid,33,N,2026-09-29 01:13:00
C1902,T02,Prepaid,775,N,2026-09-12 02:01:00
C1903,T10,Prepaid,160,N,2026-09-14 11:58:00
C1904,T04,Prepaid,229,N,2026-09-11 20:01:00
C1905,T10,Premium,474,N,2026-09-15 23:01:00
C1906,T03,Prepaid,679,N,2026-09-02 19:15:00
C1907,T09,Postpaid,444,N,2026-09-14 03:04:00
C1908,T01,Prepaid,770,N,2026-09-12 00:36:00
C1909,T04,Prepaid,700,N,2026-09-11 02:58:00
C1910,T10,Premium,553,N,2026-09-21 03:10:00
C1911,T01,Prepaid,523,Y,2026-09-09 18:13:00
C1912,T01,Postpaid,164,N,2026-09-06 17:08:00
C1913,T02,Prepaid,582,N,2026-09-10 07:13:00
C1914,T04,Prepaid,456,N,2026-09-15 04:12:00
C1915,T03,Postpaid,270,N,2026-09-28 13:45:00
C1916,T04,Prepaid,610,N,2026-09-29 22:14:00
C1917,T04,Prepaid,820,N,2026-09-17 08:45:00
C1918,T07,Prepaid,502,N,2026-09-23 23:54:00
C1919,T10,Postpaid,798,N,2026-09-22 22:28:00
C1920,T01,Postpaid,457,N,2026-09-14 15:55:00
C1921,T10,Prepaid,586,N,2026-09-12 17:01:00
C1922,T07,Prepaid,484,N,2026-09-26 14:00:00
C1923,T10,Prepaid,361,N,2026-09-22 08:33:00
C1924,T04,Prepaid,214,Y,2026-09-23 18:53:00
C1925,T06,Prepaid,445,N,2026-09-17 23:34:00
C1926,T07,Prepaid,676,N,2026-09-04 05:48:00
C1927,T07,Premium,147,N,2026-09-26 17:47:00
C1928,T03,Prepaid,466,N,2026-09-16 20:44:00
C1929,T09,Postpaid,670,N,2026-09-03 15:01:00
C1930,T07,Premium,773,N,2026-09-22 17:48:00
C1931,T01,Premium,390,N,2026-09-02 06:51:00
C1932,T03,Prepaid,486,N,2026-09-07 16:57:00
C1933,T05,Prepaid,612,N,2026-09-08 08:19:00
C1934,T01,Prepaid,114,N,2026-09-18 11:48:00
C1935,T07,Postpaid,102,N,2026-09-09 14:14:00
C1936,T07,Prepaid,457,N,2026-09-14 18:06:00
C1937,T09,Premium,694,N,2026-09-27 16:09:00
C1938,T05,Postpaid,790,N,2026-09-05 01:04:00
C1939,T02,Postpaid,815,N,2026-09-07 11:52:00
C1940,T05,Postpaid,786,N,2026-09-15 00:31:00
C1941,T01,Premium,855,N,2026-09-05 09:48:00
C1942,T02,Postpaid,447,N,2026-09-30 18:54:00
C1943,T05,Postpaid,194,N,2026-09-09 11:35:00
C1944,T03,Prepaid,206,N,2026-09-06 00:24:00
C1945,T08,Postpaid,237,N,2026-09-03 16:25:00
C1946,T03,Postpaid,216,N,2026-09-19 14:30:00
C1947,T08,Postpaid,659,N,2026-09-29 23:09:00
C1948,T03,Prepaid,107,N,2026-09-13 14:17:00
C1949,T02,Prepaid,619,N,2026-09-23 01:57:00
C1950,T02,Prepaid,292,N,2026-09-01 07:53:00
C1951,T10,Postpaid,62,N,2026-09-24 18:31:00
C1952,T01,Prepaid,552,N,2026-09-13 02:21:00
C1953,T08,Prepaid,365,N,2026-09-16 07:36:00
C1954,T06,Postpaid,371,N,2026-09-11 21:42:00
C1955,T06,Postpaid,407,N,2026-09-17 04:52:00
C1956,T06,Postpaid,23,N,2026-09-19 06:52:00
C1957,T03,Prepaid,145,N,2026-09-13 17:15:00
C1958,T04,Prepaid,653,N,2026-09-22 15:02:00
C1959,T09,Prepaid,212,Y,2026-09-30 00:56:00
C1960,T06,Prepaid,388,N,2026-09-15 19:33:00
C1961,T08,Prepaid,516,N,2026-09-28 21:06:00
C1962,T02,Prepaid,507,N,2026-09-05 13:43:00
C1963,T07,Prepaid,219,N,2026-09-24 16:02:00
C1964,T10,Postpaid,753,N,2026-09-06 19:39:00
C1965,T08,Postpaid,328,N,2026-09-25 23:22:00
C1966,T08,Prepaid,476,N,2026-09-22 22:39:00
C1967,T09,Prepaid,236,N,2026-09-05 01:41:00
C1968,T02,Prepaid,752,Y,2026-09-15 20:37:00
C1969,T07,Postpaid,245,N,2026-09-22 16:14:00
C1970,T02,Postpaid,567,N,2026-09-23 09:21:00
C1971,T02,Postpaid,360,N,2026-09-27 05:06:00
C1972,T10,Prepaid,371,N,2026-09-18 08:51:00
C1973,T09,Premium,467,N,2026-09-11 04:10:00
C1974,T05,Prepaid,109,N,2026-09-16 11:37:00
C1975,T10,Premium,782,N,2026-09-27 01:41:00
C1976,T06,Prepaid,340,N,2026-09-27 06:08:00
C1977,T01,Prepaid,624,N,2026-09-18 15:57:00
C1978,T07,Prepaid,393,N,2026-09-06 17:57:00
C1979,T09,Postpaid,624,N,2026-09-18 23:47:00
C1980,T01,Prepaid,491,N,2026-09-14 12:12:00
C1981,T04,Prepaid,486,N,2026-09-13 21:32:00
C1982,T03,Postpaid,889,N,2026-09-02 13:30:00
C1983,T10,Prepaid,534,N,2026-09-06 14:51:00
C1984,T05,Premium,743,N,2026-09-29 17:18:00
C1985,T04,Prepaid,741,N,2026-09-03 16:14:00
C1986,T06,Prepaid,753,N,2026-09-11 05:50:00
C1987,T01,Premium,814,N,2026-09-23 04:29:00
C1988,T07,Prepaid,854,N,2026-09-08 05:52:00
C1989,T01,Prepaid,365,N,2026-09-22 13:06:00
C1990,T06,Postpaid,420,N,2026-09-13 21:09:00
C1991,T05,Postpaid,219,N,2026-09-25 22:34:00
C1992,T07,Prepaid,351,N,2026-09-27 09:56:00
C1993,T01,Postpaid,746,N,2026-09-30 19:02:00
C1994,T03,Postpaid,472,N,2026-09-14 05:56:00
C1995,T03,Prepaid,843,N,2026-09-30 15:19:00
C1996,T01,Prepaid,896,N,2026-09-07 17:13:00
C1997,T07,Premium,457,N,2026-09-08 15:44:00
C1998,T01,Prepaid,505,N,2026-09-03 09:18:00
C1999,T02,Premium,685,N,2026-09-20 17:50:00
C2000,T03,Postpaid,433,N,2026-09-06 09:45:00
